task_name,timestamp,project_name,run_id,duration,emissions,emissions_rate,cpu_power,gpu_power,ram_power,cpu_energy,gpu_energy,ram_energy,energy_consumed,water_consumed,country_name,country_iso_code,region,cloud_provider,cloud_region,os,python_version,codecarbon_version,cpu_count,cpu_model,gpu_count,gpu_model,longitude,latitude,ram_total_size,tracking_mode,on_cloud
Step #1,2026-04-03T17:10:39,energy-efficiency,bda72d99-f3b9-4cad-865d-ffc709436360,1.8911383487284184,1.1306240144506413e-06,5.979189606837203e-07,360.0,176.79319818584906,10.0,0.0001890563379973173,9.284562983680189e-05,5.251211600585116e-06,0.00028715317943470435,0.0,Canada,CAN,quebec,,,Linux-5.15.0-152-generic-x86_64-with-glibc2.35,3.14.2,3.1.0,4,AMD EPYC 9554 64-Core Processor,1,1 x NVIDIA RTX A5000,,,4,machine,N
Step #3,2026-04-03T17:10:40,energy-efficiency,bda72d99-f3b9-4cad-865d-ffc709436360,1.6457464806735516,1.0566889043665696e-06,6.422555017251711e-07,360.0,217.46114491806887,10.0,0.0001644614815711975,9.93456350215638e-05,4.568200651556254e-06,0.00026837531724431757,0.0,Canada,CAN,quebec,,,Linux-5.15.0-152-generic-x86_64-with-glibc2.35,3.14.2,3.1.0,4,AMD EPYC 9554 64-Core Processor,1,1 x NVIDIA RTX A5000,,,4,machine,N
Step #5,2026-04-03T17:10:42,energy-efficiency,bda72d99-f3b9-4cad-865d-ffc709436360,1.658836230635643,1.0648540570952e-06,6.420029193949716e-07,360.0,217.0896296550155,10.0,0.0001658372942358255,0.00010000535777976438,4.6064311638474464e-06,0.0002704490831794374,0.0,Canada,CAN,quebec,,,Linux-5.15.0-152-generic-x86_64-with-glibc2.35,3.14.2,3.1.0,4,AMD EPYC 9554 64-Core Processor,1,1 x NVIDIA RTX A5000,,,4,machine,N
Step #7,2026-04-03T17:10:44,energy-efficiency,bda72d99-f3b9-4cad-865d-ffc709436360,1.6530850529670715,1.0280333613417633e-06,6.220529466726015e-07,360.0,198.97260939073945,10.0,0.00016520090028643612,9.1307850837552e-05,4.588699930657943e-06,0.00026109745105464596,0.0,Canada,CAN,quebec,,,Linux-5.15.0-152-generic-x86_64-with-glibc2.35,3.14.2,3.1.0,4,AMD EPYC 9554 64-Core Processor,1,1 x NVIDIA RTX A5000,,,4,machine,N
Step #9,2026-04-03T17:10:45,energy-efficiency,bda72d99-f3b9-4cad-865d-ffc709436360,1.6516841910779476,1.0227970800670445e-06,6.193476489837279e-07,360.0,196.18534507936275,10.0,0.00016516853608191013,9.001118311857681e-05,4.5878336764872075e-06,0.00025976755287697396,0.0,Canada,CAN,quebec,,,Linux-5.15.0-152-generic-x86_64-with-glibc2.35,3.14.2,3.1.0,4,AMD EPYC 9554 64-Core Processor,1,1 x NVIDIA RTX A5000,,,4,machine,N
Step #11,2026-04-03T17:10:47,energy-efficiency,bda72d99-f3b9-4cad-865d-ffc709436360,1.6552618220448494,1.0361120472514903e-06,6.261606898796327e-07,360.0,202.5758670482488,10.0,0.0001654512722045183,9.310229670234094e-05,4.59568744732274e-06,0.0002631492563541821,0.0,Canada,CAN,quebec,,,Linux-5.15.0-152-generic-x86_64-with-glibc2.35,3.14.2,3.1.0,4,AMD EPYC 9554 64-Core Processor,1,1 x NVIDIA RTX A5000,,,4,machine,N
Step #13,2026-04-03T17:10:49,energy-efficiency,bda72d99-f3b9-4cad-865d-ffc709436360,1.6554819121956825,1.033500313977433e-06,6.244587450676314e-07,360.0,201.05924641435078,10.0,0.00016547261029481886,9.241701837936489e-05,4.596305917948486e-06,0.0002624859345921322,0.0,Canada,CAN,quebec,,,Linux-5.15.0-152-generic-x86_64-with-glibc2.35,3.14.2,3.1.0,4,AMD EPYC 9554 64-Core Processor,1,1 x NVIDIA RTX A5000,,,4,machine,N
Step #15,2026-04-03T17:10:50,energy-efficiency,bda72d99-f3b9-4cad-865d-ffc709436360,1.6598326042294502,1.0045781022136336e-06,6.053204662106964e-07,360.0,183.4639552378849,10.0,0.00016595530286431302,8.457534543993006e-05,4.6096922105385186e-06,0.0002551403405147818,0.0,Canada,CAN,quebec,,,Linux-5.15.0-152-generic-x86_64-with-glibc2.35,3.14.2,3.1.0,4,AMD EPYC 9554 64-Core Processor,1,1 x NVIDIA RTX A5000,,,4,machine,N
Step #17,2026-04-03T17:10:52,energy-efficiency,bda72d99-f3b9-4cad-865d-ffc709436360,1.662829164415598,1.003119916332327e-06,6.034175376875803e-07,360.0,181.6617860689912,10.0,0.00016625574901700025,8.389617822501805e-05,4.6180667148696064e-06,0.0002547699939568879,0.0,Canada,CAN,quebec,,,Linux-5.15.0-152-generic-x86_64-with-glibc2.35,3.14.2,3.1.0,4,AMD EPYC 9554 64-Core Processor,1,1 x NVIDIA RTX A5000,,,4,machine,N
Step #19,2026-04-03T17:10:54,energy-efficiency,bda72d99-f3b9-4cad-865d-ffc709436360,1.6615230850875378,1.0101050378565987e-06,6.080021729682802e-07,360.0,185.9481619670675,10.0,0.0001661227084696292,8.580701309313099e-05,4.6143368300464394e-06,0.0002565440583928067,0.0,Canada,CAN,quebec,,,Linux-5.15.0-152-generic-x86_64-with-glibc2.35,3.14.2,3.1.0,4,AMD EPYC 9554 64-Core Processor,1,1 x NVIDIA RTX A5000,,,4,machine,N
Step #21,2026-04-03T17:10:55,energy-efficiency,bda72d99-f3b9-4cad-865d-ffc709436360,1.6592688225209713,1.003955036685979e-06,6.051799529430801e-07,360.0,183.3952977950792,10.0,0.00016587293557822715,8.450173426410856e-05,4.607425981925595e-06,0.00025498209582426124,0.0,Canada,CAN,quebec,,,Linux-5.15.0-152-generic-x86_64-with-glibc2.35,3.14.2,3.1.0,4,AMD EPYC 9554 64-Core Processor,1,1 x NVIDIA RTX A5000,,,4,machine,N
Step #23,2026-04-03T17:10:57,energy-efficiency,bda72d99-f3b9-4cad-865d-ffc709436360,1.6625370308756828,1.0263479179108712e-06,6.174543990036381e-07,360.0,194.63639940262522,10.0,0.00016619638986885548,8.985673855477216e-05,4.616257744944756e-06,0.0002606693861685722,0.0,Canada,CAN,quebec,,,Linux-5.15.0-152-generic-x86_64-with-glibc2.35,3.14.2,3.1.0,4,AMD EPYC 9554 64-Core Processor,1,1 x NVIDIA RTX A5000,,,4,machine,N
Step #25,2026-04-03T17:10:59,energy-efficiency,bda72d99-f3b9-4cad-865d-ffc709436360,1.666621245443821,1.0609883372470262e-06,6.368292532990826e-07,360.0,213.46669472278816,10.0,0.00016626124940812568,9.858785665528558e-05,4.618170847081479e-06,0.0002694672769104926,0.0,Canada,CAN,quebec,,,Linux-5.15.0-152-generic-x86_64-with-glibc2.35,3.14.2,3.1.0,4,AMD EPYC 9554 64-Core Processor,1,1 x NVIDIA RTX A5000,,,4,machine,N
Step #27,2026-04-03T17:11:00,energy-efficiency,bda72d99-f3b9-4cad-865d-ffc709436360,1.6640507467091084,1.033203266517989e-06,6.210647212211619e-07,360.0,197.7235414275234,10.0,0.00016639704667031777,9.139146200709547e-05,4.621982512374717e-06,0.0002624104911897879,0.0,Canada,CAN,quebec,,,Linux-5.15.0-152-generic-x86_64-with-glibc2.35,3.14.2,3.1.0,4,AMD EPYC 9554 64-Core Processor,1,1 x NVIDIA RTX A5000,,,4,machine,N
Step #29,2026-04-03T17:11:02,energy-efficiency,bda72d99-f3b9-4cad-865d-ffc709436360,1.6648136004805565,1.0267408108853835e-06,6.169248751094541e-07,360.0,194.04052823897953,10.0,0.00016643605828285234,8.97100717622834e-05,4.623042140156029e-06,0.0002607691721852913,0.0,Canada,CAN,quebec,,,Linux-5.15.0-152-generic-x86_64-with-glibc2.35,3.14.2,3.1.0,4,AMD EPYC 9554 64-Core Processor,1,1 x NVIDIA RTX A5000,,,4,machine,N
Step #31,2026-04-03T17:11:04,energy-efficiency,bda72d99-f3b9-4cad-865d-ffc709436360,1.667465504258871,1.0393235223110813e-06,6.234416848419404e-07,360.0,200.60278231615965,10.0,0.00016653809472918493,9.280090758068127e-05,4.625896788719623e-06,0.0002639648990985866,0.0,Canada,CAN,quebec,,,Linux-5.15.0-152-generic-x86_64-with-glibc2.35,3.14.2,3.1.0,4,AMD EPYC 9554 64-Core Processor,1,1 x NVIDIA RTX A5000,,,4,machine,N
Step #33,2026-04-03T17:11:05,energy-efficiency,bda72d99-f3b9-4cad-865d-ffc709436360,1.665216263383627,1.0351485748827056e-06,6.217711795143815e-07,360.0,198.4927379876305,10.0,0.00016648478768765919,9.179535121006666e-05,4.624417051672929e-06,0.00026290455594939893,0.0,Canada,CAN,quebec,,,Linux-5.15.0-152-generic-x86_64-with-glibc2.35,3.14.2,3.1.0,4,AMD EPYC 9554 64-Core Processor,1,1 x NVIDIA RTX A5000,,,4,machine,N
Step #35,2026-04-03T17:11:07,energy-efficiency,bda72d99-f3b9-4cad-865d-ffc709436360,1.6761209145188332,1.0282932721095232e-06,6.135507011268233e-07,360.0,191.1974544543313,10.0,0.00016753210388123973,8.897784896078065e-05,4.653509726954829e-06,0.00026116346256897533,0.0,Canada,CAN,quebec,,,Linux-5.15.0-152-generic-x86_64-with-glibc2.35,3.14.2,3.1.0,4,AMD EPYC 9554 64-Core Processor,1,1 x NVIDIA RTX A5000,,,4,machine,N
Step #37,2026-04-03T17:11:09,energy-efficiency,bda72d99-f3b9-4cad-865d-ffc709436360,1.6711836382746696,1.015594204477966e-06,6.078672467257855e-07,360.0,185.99537964707952,10.0,0.0001670112904161216,8.628784681263824e-05,4.639046556419792e-06,0.0002579381837851799,0.0,Canada,CAN,quebec,,,Linux-5.15.0-152-generic-x86_64-with-glibc2.35,3.14.2,3.1.0,4,AMD EPYC 9554 64-Core Processor,1,1 x NVIDIA RTX A5000,,,4,machine,N
Step #39,2026-04-03T17:11:11,energy-efficiency,bda72d99-f3b9-4cad-865d-ffc709436360,1.6707540526986122,1.0096338996426768e-06,6.04355865737569e-07,360.0,182.49243254096942,10.0,0.00016708382219076138,8.46995122003591e-05,4.6410654464529565e-06,0.00025642439983757353,0.0,Canada,CAN,quebec,,,Linux-5.15.0-152-generic-x86_64-with-glibc2.35,3.14.2,3.1.0,4,AMD EPYC 9554 64-Core Processor,1,1 x NVIDIA RTX A5000,,,4,machine,N
Step #41,2026-04-03T17:11:12,energy-efficiency,bda72d99-f3b9-4cad-865d-ffc709436360,1.6728901006281376,1.000741515102715e-06,5.983893222367626e-07,360.0,177.19944614090625,10.0,0.0001672140493988992,8.230728806779553e-05,4.644595841980646e-06,0.0002541659333086749,0.0,Canada,CAN,quebec,,,Linux-5.15.0-152-generic-x86_64-with-glibc2.35,3.14.2,3.1.0,4,AMD EPYC 9554 64-Core Processor,1,1 x NVIDIA RTX A5000,,,4,machine,N
Step #43,2026-04-03T17:11:14,energy-efficiency,bda72d99-f3b9-4cad-865d-ffc709436360,1.6717787235975266,1.0589139170356428e-06,6.3362592733222e-07,360.0,209.42459976122035,10.0,0.0001670937635004522,9.720535554436083e-05,4.641301588465774e-06,0.0002689404206332787,0.0,Canada,CAN,quebec,,,Linux-5.15.0-152-generic-x86_64-with-glibc2.35,3.14.2,3.1.0,4,AMD EPYC 9554 64-Core Processor,1,1 x NVIDIA RTX A5000,,,4,machine,N
Step #45,2026-04-03T17:11:16,energy-efficiency,bda72d99-f3b9-4cad-865d-ffc709436360,1.6726491935551167,1.0663054952662195e-06,6.375634041285171e-07,360.0,212.49693436108822,10.0,0.0001673727210611104,9.879591237904606e-05,4.649082529875961e-06,0.00027081771597003285,0.0,Canada,CAN,quebec,,,Linux-5.15.0-152-generic-x86_64-with-glibc2.35,3.14.2,3.1.0,4,AMD EPYC 9554 64-Core Processor,1,1 x NVIDIA RTX A5000,,,4,machine,N
Step #47,2026-04-03T17:11:17,energy-efficiency,bda72d99-f3b9-4cad-865d-ffc709436360,1.6776918917894363,1.0651018111544684e-06,6.349525740664558e-07,360.0,210.63691302898576,10.0,0.0001677193582057951,9.813396739843938e-05,4.658681557824211e-06,0.0002705120071620588,0.0,Canada,CAN,quebec,,,Linux-5.15.0-152-generic-x86_64-with-glibc2.35,3.14.2,3.1.0,4,AMD EPYC 9554 64-Core Processor,1,1 x NVIDIA RTX A5000,,,4,machine,N
Step #49,2026-04-03T17:11:19,energy-efficiency,bda72d99-f3b9-4cad-865d-ffc709436360,1.678648803383112,1.0587802819349294e-06,6.310825395185056e-07,360.0,207.08747726198166,10.0,0.00016774935796856887,9.649757718932506e-05,4.6595451525515975e-06,0.00026890648031044524,0.0,Canada,CAN,quebec,,,Linux-5.15.0-152-generic-x86_64-with-glibc2.35,3.14.2,3.1.0,4,AMD EPYC 9554 64-Core Processor,1,1 x NVIDIA RTX A5000,,,4,machine,N
Step #51,2026-04-03T17:11:21,energy-efficiency,bda72d99-f3b9-4cad-865d-ffc709436360,1.6774146184325218,1.051319884038895e-06,6.269889686773264e-07,360.0,203.36042528588285,10.0,0.00016765012182295286,9.470479797357712e-05,4.65678652334544e-06,0.00026701170631987514,0.0,Canada,CAN,quebec,,,Linux-5.15.0-152-generic-x86_64-with-glibc2.35,3.14.2,3.1.0,4,AMD EPYC 9554 64-Core Processor,1,1 x NVIDIA RTX A5000,,,4,machine,N
Step #53,2026-04-03T17:11:22,energy-efficiency,bda72d99-f3b9-4cad-865d-ffc709436360,1.6769282519817352,1.0396051810245337e-06,6.200845901689437e-07,360.0,196.9532770340566,10.0,0.00016765552796423402,9.172396228507296e-05,4.656943854772393e-06,0.00026403643410407955,0.0,Canada,CAN,quebec,,,Linux-5.15.0-152-generic-x86_64-with-glibc2.35,3.14.2,3.1.0,4,AMD EPYC 9554 64-Core Processor,1,1 x NVIDIA RTX A5000,,,4,machine,N
Step #55,2026-04-03T17:11:24,energy-efficiency,bda72d99-f3b9-4cad-865d-ffc709436360,1.6788701713085175,1.0362967207304699e-06,6.174855500592326e-07,360.0,194.64020526084755,10.0,0.00016780661493539812,9.072840590818032e-05,4.6611384385162e-06,0.0002631961592820947,0.0,Canada,CAN,quebec,,,Linux-5.15.0-152-generic-x86_64-with-glibc2.35,3.14.2,3.1.0,4,AMD EPYC 9554 64-Core Processor,1,1 x NVIDIA RTX A5000,,,4,machine,N
Step #57,2026-04-03T17:11:26,energy-efficiency,bda72d99-f3b9-4cad-865d-ffc709436360,1.6777862831950188,1.030325934955534e-06,6.141702188408891e-07,360.0,191.61774163769377,10.0,0.00016773763932287702,8.928284921694285e-05,4.659224870718194e-06,0.000261679713410538,0.0,Canada,CAN,quebec,,,Linux-5.15.0-152-generic-x86_64-with-glibc2.35,3.14.2,3.1.0,4,AMD EPYC 9554 64-Core Processor,1,1 x NVIDIA RTX A5000,,,4,machine,N
Step #59,2026-04-03T17:11:28,energy-efficiency,bda72d99-f3b9-4cad-865d-ffc709436360,1.6877376958727837,1.0293482262198659e-06,6.100503799348184e-07,360.0,187.8284554992759,10.0,0.00016871688142418902,8.80281259583171e-05,4.686389904883176e-06,0.0002614313972873882,0.0,Canada,CAN,quebec,,,Linux-5.15.0-152-generic-x86_64-with-glibc2.35,3.14.2,3.1.0,4,AMD EPYC 9554 64-Core Processor,1,1 x NVIDIA RTX A5000,,,4,machine,N
Step #61,2026-04-03T17:11:29,energy-efficiency,bda72d99-f3b9-4cad-865d-ffc709436360,1.6762255243957043,1.0148293795425839e-06,6.055536530473389e-07,360.0,183.74479645872267,10.0,0.00016756352931261102,8.552617953228037e-05,4.654226534896432e-06,0.00025774393537978703,0.0,Canada,CAN,quebec,,,Linux-5.15.0-152-generic-x86_64-with-glibc2.35,3.14.2,3.1.0,4,AMD EPYC 9554 64-Core Processor,1,1 x NVIDIA RTX A5000,,,4,machine,N
Step #63,2026-04-03T17:11:31,energy-efficiency,bda72d99-f3b9-4cad-865d-ffc709436360,1.676426775753498,1.0467528548650343e-06,6.244646411352833e-07,360.0,201.01842594660602,10.0,0.00016760641038417786,9.35897971032773e-05,4.655575700518157e-06,0.0002658517831879738,0.0,Canada,CAN,quebec,,,Linux-5.15.0-152-generic-x86_64-with-glibc2.35,3.14.2,3.1.0,4,AMD EPYC 9554 64-Core Processor,1,1 x NVIDIA RTX A5000,,,4,machine,N
Step #65,2026-04-03T17:11:33,energy-efficiency,bda72d99-f3b9-4cad-865d-ffc709436360,1.6787782274186611,1.0800094019147697e-06,6.435719375492048e-07,360.0,218.50949913495214,10.0,0.0001677916187793017,0.00010184591481277039,4.660667768783031e-06,0.0002742982013608543,0.0,Canada,CAN,quebec,,,Linux-5.15.0-152-generic-x86_64-with-glibc2.35,3.14.2,3.1.0,4,AMD EPYC 9554 64-Core Processor,1,1 x NVIDIA RTX A5000,,,4,machine,N
Step #67,2026-04-03T17:11:34,energy-efficiency,bda72d99-f3b9-4cad-865d-ffc709436360,1.6761833019554615,1.0681868996869067e-06,6.375858727784909e-07,360.0,213.0311263103259,10.0,0.00016751439198851598,9.912813484902472e-05,4.6530237214432914e-06,0.00027129555055898334,0.0,Canada,CAN,quebec,,,Linux-5.15.0-152-generic-x86_64-with-glibc2.35,3.14.2,3.1.0,4,AMD EPYC 9554 64-Core Processor,1,1 x NVIDIA RTX A5000,,,4,machine,N
Step #69,2026-04-03T17:11:36,energy-efficiency,bda72d99-f3b9-4cad-865d-ffc709436360,1.6777079738676548,1.0664401454470326e-06,6.358852298449005e-07,360.0,211.4784026367262,10.0,0.00016768706664443012,9.850702325309157e-05,4.657824202958087e-06,0.0002708519141004801,0.0,Canada,CAN,quebec,,,Linux-5.15.0-152-generic-x86_64-with-glibc2.35,3.14.2,3.1.0,4,AMD EPYC 9554 64-Core Processor,1,1 x NVIDIA RTX A5000,,,4,machine,N
Step #71,2026-04-03T17:11:38,energy-efficiency,bda72d99-f3b9-4cad-865d-ffc709436360,1.6819102391600609,1.0632209798162257e-06,6.325121464915715e-07,360.0,208.38290795063807,10.0,0.0001680756364017726,9.729007783221277e-05,4.668603889230224e-06,0.00027003431812321413,0.0,Canada,CAN,quebec,,,Linux-5.15.0-152-generic-x86_64-with-glibc2.35,3.14.2,3.1.0,4,AMD EPYC 9554 64-Core Processor,1,1 x NVIDIA RTX A5000,,,4,machine,N
Step #73,2026-04-03T17:11:39,energy-efficiency,bda72d99-f3b9-4cad-865d-ffc709436360,1.6790930703282356,1.0616333892169048e-06,6.32352979644695e-07,360.0,208.15945505912157,10.0,0.00016788953691720954,9.707813322279435e-05,4.6634355249504334e-06,0.00026963110566495356,0.0,Canada,CAN,quebec,,,Linux-5.15.0-152-generic-x86_64-with-glibc2.35,3.14.2,3.1.0,4,AMD EPYC 9554 64-Core Processor,1,1 x NVIDIA RTX A5000,,,4,machine,N
Step #75,2026-04-03T17:11:41,energy-efficiency,bda72d99-f3b9-4cad-865d-ffc709436360,1.680040456354618,1.0523115970710852e-06,6.264424161735157e-07,360.0,202.80540144752834,10.0,0.00016797085814177978,9.462702013252056e-05,4.665700946417117e-06,0.00026726357922071675,0.0,Canada,CAN,quebec,,,Linux-5.15.0-152-generic-x86_64-with-glibc2.35,3.14.2,3.1.0,4,AMD EPYC 9554 64-Core Processor,1,1 x NVIDIA RTX A5000,,,4,machine,N
Step #77,2026-04-03T17:11:43,energy-efficiency,bda72d99-f3b9-4cad-865d-ffc709436360,1.675329439342022,1.04354767019323e-06,6.229550708281962e-07,360.0,199.78689580366324,10.0,0.0001674543704837557,9.293201878790569e-05,4.651348789532975e-06,0.0002650377380611947,0.0,Canada,CAN,quebec,,,Linux-5.15.0-152-generic-x86_64-with-glibc2.35,3.14.2,3.1.0,4,AMD EPYC 9554 64-Core Processor,1,1 x NVIDIA RTX A5000,,,4,machine,N
Step #79,2026-04-03T17:11:44,energy-efficiency,bda72d99-f3b9-4cad-865d-ffc709436360,1.6788523234426975,1.0386015713371432e-06,6.187814473547119e-07,360.0,196.04513467012367,10.0,0.0001677624158561231,9.135923976089089e-05,4.659884102228612e-06,0.0002637815397192409,0.0,Canada,CAN,quebec,,,Linux-5.15.0-152-generic-x86_64-with-glibc2.35,3.14.2,3.1.0,4,AMD EPYC 9554 64-Core Processor,1,1 x NVIDIA RTX A5000,,,4,machine,N
Step #81,2026-04-03T17:11:46,energy-efficiency,bda72d99-f3b9-4cad-865d-ffc709436360,1.6909369304776192,1.0367750987273701e-06,6.132876102984873e-07,360.0,190.75418360813921,10.0,0.0001690475236624479,8.95745161102468e-05,4.6956168073746885e-06,0.0002633176565800706,0.0,Canada,CAN,quebec,,,Linux-5.15.0-152-generic-x86_64-with-glibc2.35,3.14.2,3.1.0,4,AMD EPYC 9554 64-Core Processor,1,1 x NVIDIA RTX A5000,,,4,machine,N
Step #83,2026-04-03T17:11:48,energy-efficiency,bda72d99-f3b9-4cad-865d-ffc709436360,1.6766620315611362,1.0256378161014796e-06,6.117867960611931e-07,360.0,189.86651864369782,10.0,0.00016749671399593317,8.833979288169758e-05,4.65252933402855e-06,0.00026048903621165957,0.0,Canada,CAN,quebec,,,Linux-5.15.0-152-generic-x86_64-with-glibc2.35,3.14.2,3.1.0,4,AMD EPYC 9554 64-Core Processor,1,1 x NVIDIA RTX A5000,,,4,machine,N
Step #85,2026-04-03T17:11:50,energy-efficiency,bda72d99-f3b9-4cad-865d-ffc709436360,1.6799594834446907,1.0200834246432315e-06,6.073991647313574e-07,360.0,185.99774445622432,10.0,0.00016774856634437993,8.667034713027988e-05,4.659431696765965e-06,0.00025907834517142556,0.0,Canada,CAN,quebec,,,Linux-5.15.0-152-generic-x86_64-with-glibc2.35,3.14.2,3.1.0,4,AMD EPYC 9554 64-Core Processor,1,1 x NVIDIA RTX A5000,,,4,machine,N
Step #87,2026-04-03T17:11:51,energy-efficiency,bda72d99-f3b9-4cad-865d-ffc709436360,1.6797448210418224,1.0129449077920288e-06,6.031984823819386e-07,360.0,182.4416764061999,10.0,0.00016764715090394032,8.496145684944167e-05,4.65671400436097e-06,0.0002572653217577433,0.0,Canada,CAN,quebec,,,Linux-5.15.0-152-generic-x86_64-with-glibc2.35,3.14.2,3.1.0,4,AMD EPYC 9554 64-Core Processor,1,1 x NVIDIA RTX A5000,,,4,machine,N
Step #89,2026-04-03T17:11:53,energy-efficiency,bda72d99-f3b9-4cad-865d-ffc709436360,1.6795999519526958,1.0196543967403194e-06,6.072251400803489e-07,360.0,186.7648133957942,10.0,0.00016744709946215144,8.6871180613457e-05,4.651101616521668e-06,0.00025896938169213055,0.0,Canada,CAN,quebec,,,Linux-5.15.0-152-generic-x86_64-with-glibc2.35,3.14.2,3.1.0,4,AMD EPYC 9554 64-Core Processor,1,1 x NVIDIA RTX A5000,,,4,machine,N
Step #91,2026-04-03T17:11:55,energy-efficiency,bda72d99-f3b9-4cad-865d-ffc709436360,1.6797162666916847,1.0713290022279918e-06,6.378754115585905e-07,360.0,214.84326806982406,10.0,0.00016748653277754745,9.995480218094599e-05,4.652239278786708e-06,0.0002720935742372803,0.0,Canada,CAN,quebec,,,Linux-5.15.0-152-generic-x86_64-with-glibc2.35,3.14.2,3.1.0,4,AMD EPYC 9554 64-Core Processor,1,1 x NVIDIA RTX A5000,,,4,machine,N
Step #93,2026-04-03T17:11:56,energy-efficiency,bda72d99-f3b9-4cad-865d-ffc709436360,1.6768871024250984,1.0721069958047528e-06,6.394468178296603e-07,360.0,215.28957906363465,10.0,0.00016748039536178087,0.00010015869123947141,4.652080581419991e-06,0.0002722911671826731,0.0,Canada,CAN,quebec,,,Linux-5.15.0-152-generic-x86_64-with-glibc2.35,3.14.2,3.1.0,4,AMD EPYC 9554 64-Core Processor,1,1 x NVIDIA RTX A5000,,,4,machine,N
Step #95,2026-04-03T17:11:58,energy-efficiency,bda72d99-f3b9-4cad-865d-ffc709436360,1.6797291822731495,1.0641316668332814e-06,6.335831318097469e-07,360.0,210.1535597160884,10.0,0.00016770580597221842,9.79014671997902e-05,4.658339058773376e-06,0.00027026561223078213,0.0,Canada,CAN,quebec,,,Linux-5.15.0-152-generic-x86_64-with-glibc2.35,3.14.2,3.1.0,4,AMD EPYC 9554 64-Core Processor,1,1 x NVIDIA RTX A5000,,,4,machine,N
Step #97,2026-04-03T17:12:00,energy-efficiency,bda72d99-f3b9-4cad-865d-ffc709436360,1.6798366568982601,1.057628276222355e-06,6.296865110028827e-07,360.0,206.31591094668414,10.0,0.00016779118962585889,9.616202139284269e-05,4.660685639828441e-06,0.00026861389665852956,0.0,Canada,CAN,quebec,,,Linux-5.15.0-152-generic-x86_64-with-glibc2.35,3.14.2,3.1.0,4,AMD EPYC 9554 64-Core Processor,1,1 x NVIDIA RTX A5000,,,4,machine,N
Step #99,2026-04-03T17:12:02,energy-efficiency,bda72d99-f3b9-4cad-865d-ffc709436360,1.6773027814924717,1.0501703337578594e-06,6.262814208945462e-07,360.0,202.80739719366994,10.0,0.00016762847341597088,9.44350755389678e-05,4.656197337640658e-06,0.00026671974629258015,0.0,Canada,CAN,quebec,,,Linux-5.15.0-152-generic-x86_64-with-glibc2.35,3.14.2,3.1.0,4,AMD EPYC 9554 64-Core Processor,1,1 x NVIDIA RTX A5000,,,4,machine,N
Step #101,2026-04-03T17:12:03,energy-efficiency,bda72d99-f3b9-4cad-865d-ffc709436360,1.679839625954628,1.0452702211015925e-06,6.223992325664925e-07,360.0,199.83444955598242,10.0,0.00016771677657961837,9.309979670035773e-05,4.658654135548403e-06,0.00026547522741552504,0.0,Canada,CAN,quebec,,,Linux-5.15.0-152-generic-x86_64-with-glibc2.35,3.14.2,3.1.0,4,AMD EPYC 9554 64-Core Processor,1,1 x NVIDIA RTX A5000,,,4,machine,N
Step #103,2026-04-03T17:12:05,energy-efficiency,bda72d99-f3b9-4cad-865d-ffc709436360,1.6799282655119896,1.040396984695737e-06,6.194774587293945e-07,360.0,196.90624680676024,10.0,0.00016779713481664647,9.177951785943606e-05,4.660881828102807e-06,0.00026423753450418447,0.0,Canada,CAN,quebec,,,Linux-5.15.0-152-generic-x86_64-with-glibc2.35,3.14.2,3.1.0,4,AMD EPYC 9554 64-Core Processor,1,1 x NVIDIA RTX A5000,,,4,machine,N
Step #105,2026-04-03T17:12:07,energy-efficiency,bda72d99-f3b9-4cad-865d-ffc709436360,1.6792566254734993,1.02904108040803e-06,6.128556045214531e-07,360.0,190.44303390369947,10.0,0.00016787959523499076,8.88106266216937e-05,4.6631672730048474e-06,0.00026135338912968917,0.0,Canada,CAN,quebec,,,Linux-5.15.0-152-generic-x86_64-with-glibc2.35,3.14.2,3.1.0,4,AMD EPYC 9554 64-Core Processor,1,1 x NVIDIA RTX A5000,,,4,machine,N
Step #107,2026-04-03T17:12:08,energy-efficiency,bda72d99-f3b9-4cad-865d-ffc709436360,1.680372517555952,1.0175236935679156e-06,6.056818876365482e-07,360.0,183.84913829004827,10.0,0.00016797700226306965,8.578534639980262e-05,4.665882140398052e-06,0.0002584282308032704,0.0,Canada,CAN,quebec,,,Linux-5.15.0-152-generic-x86_64-with-glibc2.35,3.14.2,3.1.0,4,AMD EPYC 9554 64-Core Processor,1,1 x NVIDIA RTX A5000,,,4,machine,N
Step #109,2026-04-03T17:12:10,energy-efficiency,bda72d99-f3b9-4cad-865d-ffc709436360,1.6935155540704727,1.014466462152813e-06,5.99088413432876e-07,360.0,177.81864249850742,10.0,0.00016931585036218146,8.363284467804988e-05,4.703067450059805e-06,0.00025765176249029076,0.0,Canada,CAN,quebec,,,Linux-5.15.0-152-generic-x86_64-with-glibc2.35,3.14.2,3.1.0,4,AMD EPYC 9554 64-Core Processor,1,1 x NVIDIA RTX A5000,,,4,machine,N
Step #111,2026-04-03T17:12:12,energy-efficiency,bda72d99-f3b9-4cad-865d-ffc709436360,1.679981105029583,1.0535018455305704e-06,6.271659686912158e-07,360.0,203.5046808145441,10.0,0.0001679557904601097,9.494479817817592e-05,4.6652870356208545e-06,0.0002675658756739058,0.0,Canada,CAN,quebec,,,Linux-5.15.0-152-generic-x86_64-with-glibc2.35,3.14.2,3.1.0,4,AMD EPYC 9554 64-Core Processor,1,1 x NVIDIA RTX A5000,,,4,machine,N
Step #113,2026-04-03T17:12:13,energy-efficiency,bda72d99-f3b9-4cad-865d-ffc709436360,1.6823904626071453,1.0705731400125428e-06,6.364114652469009e-07,360.0,211.95722866825832,10.0,0.0001681983791291721,9.90311903450447e-05,4.672032687813067e-06,0.00027190160216203005,0.0,Canada,CAN,quebec,,,Linux-5.15.0-152-generic-x86_64-with-glibc2.35,3.14.2,3.1.0,4,AMD EPYC 9554 64-Core Processor,1,1 x NVIDIA RTX A5000,,,4,machine,N
Step #115,2026-04-03T17:12:15,energy-efficiency,bda72d99-f3b9-4cad-865d-ffc709436360,1.6813338249921799,1.06987530309941e-06,6.364837337840313e-07,360.0,212.0233026432154,10.0,0.0001680695358663789,9.898646806050238e-05,4.668363287217085e-06,0.00027172436721409864,0.0,Canada,CAN,quebec,,,Linux-5.15.0-152-generic-x86_64-with-glibc2.35,3.14.2,3.1.0,4,AMD EPYC 9554 64-Core Processor,1,1 x NVIDIA RTX A5000,,,4,machine,N
Step #117,2026-04-03T17:12:17,energy-efficiency,bda72d99-f3b9-4cad-865d-ffc709436360,1.681689579039812,1.063851490393602e-06,6.327215751939912e-07,360.0,208.56617850532103,10.0,0.0001681219633668657,9.740257793566798e-05,4.669912387099526e-06,0.0002701944536896324,0.0,Canada,CAN,quebec,,,Linux-5.15.0-152-generic-x86_64-with-glibc2.35,3.14.2,3.1.0,4,AMD EPYC 9554 64-Core Processor,1,1 x NVIDIA RTX A5000,,,4,machine,N
Step #119,2026-04-03T17:12:19,energy-efficiency,bda72d99-f3b9-4cad-865d-ffc709436360,1.6832070797681808,1.0575280477563998e-06,6.284781536264548e-07,360.0,204.66782605950294,10.0,0.0001682563882321117,9.56584098616986e-05,4.67364277897611e-06,0.00026858844087278635,0.0,Canada,CAN,quebec,,,Linux-5.15.0-152-generic-x86_64-with-glibc2.35,3.14.2,3.1.0,4,AMD EPYC 9554 64-Core Processor,1,1 x NVIDIA RTX A5000,,,4,machine,N
Step #121,2026-04-03T17:12:20,energy-efficiency,bda72d99-f3b9-4cad-865d-ffc709436360,1.6827763356268406,1.0492409483306333e-06,6.238455067100806e-07,360.0,200.43371432701383,10.0,0.0001681769486516719,9.363535268391843e-05,4.671401871989174e-06,0.0002664837032075769,0.0,Canada,CAN,quebec,,,Linux-5.15.0-152-generic-x86_64-with-glibc2.35,3.14.2,3.1.0,4,AMD EPYC 9554 64-Core Processor,1,1 x NVIDIA RTX A5000,,,4,machine,N
Step #123,2026-04-03T17:12:22,energy-efficiency,bda72d99-f3b9-4cad-865d-ffc709436360,1.6853752434253693,1.0383471238848926e-06,6.163539848751372e-07,360.0,194.8422555306455,10.0,0.00016807842180132856,9.096979499645386e-05,4.66869896691705e-06,0.0002637169157647008,0.0,Canada,CAN,quebec,,,Linux-5.15.0-152-generic-x86_64-with-glibc2.35,3.14.2,3.1.0,4,AMD EPYC 9554 64-Core Processor,1,1 x NVIDIA RTX A5000,,,4,machine,N
Step #125,2026-04-03T17:12:24,energy-efficiency,bda72d99-f3b9-4cad-865d-ffc709436360,1.6795685701072216,1.0385012067965648e-06,6.183936550751927e-07,360.0,196.0521541713832,10.0,0.00016774406731128767,9.135257307946176e-05,4.659408982843154e-06,0.00026375604937359243,0.0,Canada,CAN,quebec,,,Linux-5.15.0-152-generic-x86_64-with-glibc2.35,3.14.2,3.1.0,4,AMD EPYC 9554 64-Core Processor,1,1 x NVIDIA RTX A5000,,,4,machine,N
Step #127,2026-04-03T17:12:25,energy-efficiency,bda72d99-f3b9-4cad-865d-ffc709436360,1.6800543628633022,1.03313990533935e-06,6.150852397849284e-07,360.0,193.008263373623,10.0,0.0001677803017199036,8.995368307296303e-05,4.660414076513718e-06,0.0002623943988693811,0.0,Canada,CAN,quebec,,,Linux-5.15.0-152-generic-x86_64-with-glibc2.35,3.14.2,3.1.0,4,AMD EPYC 9554 64-Core Processor,1,1 x NVIDIA RTX A5000,,,4,machine,N
Step #129,2026-04-03T17:12:27,energy-efficiency,bda72d99-f3b9-4cad-865d-ffc709436360,1.6800307780504227,1.0260997574105976e-06,6.109131925160132e-07,360.0,188.9590117806354,10.0,0.00016784414276480725,8.810007049930846e-05,4.662145694924716e-06,0.0002606063589590396,0.0,Canada,CAN,quebec,,,Linux-5.15.0-152-generic-x86_64-with-glibc2.35,3.14.2,3.1.0,4,AMD EPYC 9554 64-Core Processor,1,1 x NVIDIA RTX A5000,,,4,machine,N
Step #131,2026-04-03T17:12:29,energy-efficiency,bda72d99-f3b9-4cad-865d-ffc709436360,1.6812530383467674,1.0211966395636164e-06,6.074746496657394e-07,360.0,185.51177224482535,10.0,0.0001680786993354562,8.661368038076489e-05,4.668697114619926e-06,0.0002593610768308399,0.0,Canada,CAN,quebec,,,Linux-5.15.0-152-generic-x86_64-with-glibc2.35,3.14.2,3.1.0,4,AMD EPYC 9554 64-Core Processor,1,1 x NVIDIA RTX A5000,,,4,machine,N
Step #133,2026-04-03T17:12:30,energy-efficiency,bda72d99-f3b9-4cad-865d-ffc709436360,1.681448370218277,1.0148286547528623e-06,6.036520032007348e-07,360.0,182.00477198219573,10.0,0.0001680918335914619,8.498284577740378e-05,4.669071930564104e-06,0.00025774375129943017,0.0,Canada,CAN,quebec,,,Linux-5.15.0-152-generic-x86_64-with-glibc2.35,3.14.2,3.1.0,4,AMD EPYC 9554 64-Core Processor,1,1 x NVIDIA RTX A5000,,,4,machine,N
Step #135,2026-04-03T17:12:32,energy-efficiency,bda72d99-f3b9-4cad-865d-ffc709436360,1.6808712296187878,1.0120601127697117e-06,6.021678960264676e-07,360.0,180.59647462915584,10.0,0.00016806201562285378,8.431034522971004e-05,4.668242784423957e-06,0.00025704060363698766,0.0,Canada,CAN,quebec,,,Linux-5.15.0-152-generic-x86_64-with-glibc2.35,3.14.2,3.1.0,4,AMD EPYC 9554 64-Core Processor,1,1 x NVIDIA RTX A5000,,,4,machine,N
Step #137,2026-04-03T17:12:34,energy-efficiency,bda72d99-f3b9-4cad-865d-ffc709436360,1.6803303845226765,1.073938261420904e-06,6.392103125524864e-07,360.0,214.4450306312312,10.0,0.00016800886578857872,0.00010008063560462688,4.666766244918114e-06,0.00027275626763812594,0.0,Canada,CAN,quebec,,,Linux-5.15.0-152-generic-x86_64-with-glibc2.35,3.14.2,3.1.0,4,AMD EPYC 9554 64-Core Processor,1,1 x NVIDIA RTX A5000,,,4,machine,N
Step #139,2026-04-03T17:12:36,energy-efficiency,bda72d99-f3b9-4cad-865d-ffc709436360,1.687723908573389,1.072714301269913e-06,6.357971281516773e-07,360.0,212.69357211203302,10.0,0.0001683218542486431,9.944813511708617e-05,4.675419804536611e-06,0.00027244540917026674,0.0,Canada,CAN,quebec,,,Linux-5.15.0-152-generic-x86_64-with-glibc2.35,3.14.2,3.1.0,4,AMD EPYC 9554 64-Core Processor,1,1 x NVIDIA RTX A5000,,,4,machine,N
Step #141,2026-04-03T17:12:37,energy-efficiency,bda72d99-f3b9-4cad-865d-ffc709436360,1.676511324942112,1.0410539504449203e-06,6.210506611499716e-07,360.0,198.3501320556064,10.0,0.00016747650168836073,9.227590713578593e-05,4.651980267630679e-06,0.00026440438909177896,0.0,Canada,CAN,quebec,,,Linux-5.15.0-152-generic-x86_64-with-glibc2.35,3.14.2,3.1.0,4,AMD EPYC 9554 64-Core Processor,1,1 x NVIDIA RTX A5000,,,4,machine,N
Step #143,2026-04-03T17:12:39,energy-efficiency,bda72d99-f3b9-4cad-865d-ffc709436360,1.6799305491149426,1.0387609505438275e-06,6.185771494663362e-07,360.0,195.5344684922091,10.0,0.0001679396066814661,9.12175729865794e-05,4.664838800413765e-06,0.0002638220184684563,0.0,Canada,CAN,quebec,,,Linux-5.15.0-152-generic-x86_64-with-glibc2.35,3.14.2,3.1.0,4,AMD EPYC 9554 64-Core Processor,1,1 x NVIDIA RTX A5000,,,4,machine,N
Step #145,2026-04-03T17:12:41,energy-efficiency,bda72d99-f3b9-4cad-865d-ffc709436360,1.6789612658321857,1.0325831064810414e-06,6.151770179404088e-07,360.0,193.22490063289766,10.0,0.0001676254089921711,8.997146085221175e-05,4.656114584455874e-06,0.00026225298442883807,0.0,Canada,CAN,quebec,,,Linux-5.15.0-152-generic-x86_64-with-glibc2.35,3.14.2,3.1.0,4,AMD EPYC 9554 64-Core Processor,1,1 x NVIDIA RTX A5000,,,4,machine,N
Step #147,2026-04-03T17:12:42,energy-efficiency,bda72d99-f3b9-4cad-865d-ffc709436360,1.6796318590641022,1.0258195079913861e-06,6.108177133380761e-07,360.0,189.16256010199058,10.0,0.0001677372809499502,8.813868161894334e-05,4.659219313826821e-06,0.00026053518188271993,0.0,Canada,CAN,quebec,,,Linux-5.15.0-152-generic-x86_64-with-glibc2.35,3.14.2,3.1.0,4,AMD EPYC 9554 64-Core Processor,1,1 x NVIDIA RTX A5000,,,4,machine,N
Step #149,2026-04-03T17:12:44,energy-efficiency,bda72d99-f3b9-4cad-865d-ffc709436360,1.678905963897705,1.0206260929267305e-06,6.079861452549456e-07,360.0,186.03802410402218,10.0,0.00016782580539584195,8.672868050041416e-05,4.66168486616675e-06,0.0002592161707624212,0.0,Canada,CAN,quebec,,,Linux-5.15.0-152-generic-x86_64-with-glibc2.35,3.14.2,3.1.0,4,AMD EPYC 9554 64-Core Processor,1,1 x NVIDIA RTX A5000,,,4,machine,N
Step #151,2026-04-03T17:12:46,energy-efficiency,bda72d99-f3b9-4cad-865d-ffc709436360,1.6795809902250767,1.0141955479086093e-06,6.039888084228668e-07,360.0,182.5558410840975,10.0,0.00016781944334507033,8.510201251965555e-05,4.6615004746450046e-06,0.00025758295633936806,0.0,Canada,CAN,quebec,,,Linux-5.15.0-152-generic-x86_64-with-glibc2.35,3.14.2,3.1.0,4,AMD EPYC 9554 64-Core Processor,1,1 x NVIDIA RTX A5000,,,4,machine,N
Step #153,2026-04-03T17:12:47,energy-efficiency,bda72d99-f3b9-4cad-865d-ffc709436360,1.6789791658520699,1.008763042929949e-06,6.009000923047946e-07,360.0,179.87876482731684,10.0,0.00016773321405053054,8.381090037801187e-05,4.65910730676521e-06,0.0002562032217353072,0.0,Canada,CAN,quebec,,,Linux-5.15.0-152-generic-x86_64-with-glibc2.35,3.14.2,3.1.0,4,AMD EPYC 9554 64-Core Processor,1,1 x NVIDIA RTX A5000,,,4,machine,N
Step #155,2026-04-03T17:12:49,energy-efficiency,bda72d99-f3b9-4cad-865d-ffc709436360,1.6797406449913979,1.0022228875819955e-06,5.967673667198658e-07,360.0,175.81596988310818,10.0,0.0001678860437124962,8.199284339127644e-05,4.663281639416994e-06,0.000254542168743193,0.0,Canada,CAN,quebec,,,Linux-5.15.0-152-generic-x86_64-with-glibc2.35,3.14.2,3.1.0,4,AMD EPYC 9554 64-Core Processor,1,1 x NVIDIA RTX A5000,,,4,machine,N
Step #157,2026-04-03T17:12:51,energy-efficiency,bda72d99-f3b9-4cad-865d-ffc709436360,1.6790150254964828,9.96584691867651e-07,5.936213154520716e-07,360.0,173.10371474438705,10.0,0.00016777540892362608,8.067450899318374e-05,4.6602753818863205e-06,0.00025311019329869733,0.0,Canada,CAN,quebec,,,Linux-5.15.0-152-generic-x86_64-with-glibc2.35,3.14.2,3.1.0,4,AMD EPYC 9554 64-Core Processor,1,1 x NVIDIA RTX A5000,,,4,machine,N
Step #159,2026-04-03T17:12:53,energy-efficiency,bda72d99-f3b9-4cad-865d-ffc709436360,1.6797781586647034,1.0430297639195158e-06,6.21056712670264e-07,360.0,198.9031900084737,10.0,0.00016763124577701127,9.261868520127337e-05,4.656270487854897e-06,0.00026490620146614116,0.0,Canada,CAN,quebec,,,Linux-5.15.0-152-generic-x86_64-with-glibc2.35,3.14.2,3.1.0,4,AMD EPYC 9554 64-Core Processor,1,1 x NVIDIA RTX A5000,,,4,machine,N
Step #161,2026-04-03T17:12:54,energy-efficiency,bda72d99-f3b9-4cad-865d-ffc709436360,1.6790687069296837,1.0422238021557165e-06,6.208229846734836e-07,360.0,197.4898868848451,10.0,0.00016791883632540777,9.21184070250547e-05,4.6642618771228325e-06,0.0002647015052275846,0.0,Canada,CAN,quebec,,,Linux-5.15.0-152-generic-x86_64-with-glibc2.35,3.14.2,3.1.0,4,AMD EPYC 9554 64-Core Processor,1,1 x NVIDIA RTX A5000,,,4,machine,N
Step #163,2026-04-03T17:12:56,energy-efficiency,bda72d99-f3b9-4cad-865d-ffc709436360,1.679690483957529,1.037546448552759e-06,6.178223276790009e-07,360.0,195.2428844894096,10.0,0.000167829784378409,9.102201727273496e-05,4.661760510255887e-06,0.0002635135621614007,0.0,Canada,CAN,quebec,,,Linux-5.15.0-152-generic-x86_64-with-glibc2.35,3.14.2,3.1.0,4,AMD EPYC 9554 64-Core Processor,1,1 x NVIDIA RTX A5000,,,4,machine,N
Step #165,2026-04-03T17:12:58,energy-efficiency,bda72d99-f3b9-4cad-865d-ffc709436360,1.6786539666354656,1.0282326277060702e-06,6.126138521435624e-07,360.0,190.17984153063298,10.0,0.00016782657019794034,8.865979314975903e-05,4.661696900924055e-06,0.0002611480602486248,0.0,Canada,CAN,quebec,,,Linux-5.15.0-152-generic-x86_64-with-glibc2.35,3.14.2,3.1.0,4,AMD EPYC 9554 64-Core Processor,1,1 x NVIDIA RTX A5000,,,4,machine,N
Step #167,2026-04-03T17:12:59,energy-efficiency,bda72d99-f3b9-4cad-865d-ffc709436360,1.6771301180124283,1.0233269504102474e-06,6.102385764720982e-07,360.0,188.44907736976805,10.0,0.0001675435043871406,8.77047923779628e-05,4.653831312639845e-06,0.0002599021280777422,0.0,Canada,CAN,quebec,,,Linux-5.15.0-152-generic-x86_64-with-glibc2.35,3.14.2,3.1.0,4,AMD EPYC 9554 64-Core Processor,1,1 x NVIDIA RTX A5000,,,4,machine,N
Step #169,2026-04-03T17:13:01,energy-efficiency,bda72d99-f3b9-4cad-865d-ffc709436360,1.6791767179965973,1.0174500646832423e-06,6.060027203601186e-07,360.0,184.28725966934755,10.0,0.0001678320534527298,8.591562428250654e-05,4.661852980239543e-06,0.00025840953071547615,0.0,Canada,CAN,quebec,,,Linux-5.15.0-152-generic-x86_64-with-glibc2.35,3.14.2,3.1.0,4,AMD EPYC 9554 64-Core Processor,1,1 x NVIDIA RTX A5000,,,4,machine,N
Step #171,2026-04-03T17:13:03,energy-efficiency,bda72d99-f3b9-4cad-865d-ffc709436360,1.679656058549881,1.0130225498006348e-06,6.031806341107957e-07,360.0,182.27385490944778,10.0,0.00016771093793213447,8.491562348922344e-05,4.658479667786117e-06,0.00025728504108914196,0.0,Canada,CAN,quebec,,,Linux-5.15.0-152-generic-x86_64-with-glibc2.35,3.14.2,3.1.0,4,AMD EPYC 9554 64-Core Processor,1,1 x NVIDIA RTX A5000,,,4,machine,N
Step #173,2026-04-03T17:13:04,energy-efficiency,bda72d99-f3b9-4cad-865d-ffc709436360,1.6790761165320873,1.005882660556063e-06,5.991368773333041e-07,360.0,177.99826463755744,10.0,0.00016782821752131007,8.298173305831824e-05,4.661718538651852e-06,0.0002554716691182783,0.0,Canada,CAN,quebec,,,Linux-5.15.0-152-generic-x86_64-with-glibc2.35,3.14.2,3.1.0,4,AMD EPYC 9554 64-Core Processor,1,1 x NVIDIA RTX A5000,,,4,machine,N
Step #175,2026-04-03T17:13:06,energy-efficiency,bda72d99-f3b9-4cad-865d-ffc709436360,1.6796718947589397,1.0460591390917118e-06,6.22876768715455e-07,360.0,199.58322355631498,10.0,0.00016791745088994524,9.309396337187081e-05,4.664180655446313e-06,0.0002656755949172612,0.0,Canada,CAN,quebec,,,Linux-5.15.0-152-generic-x86_64-with-glibc2.35,3.14.2,3.1.0,4,AMD EPYC 9554 64-Core Processor,1,1 x NVIDIA RTX A5000,,,4,machine,N
Step #177,2026-04-03T17:13:08,energy-efficiency,bda72d99-f3b9-4cad-865d-ffc709436360,1.6791479513049126,1.0575728949553794e-06,6.298909375012901e-07,360.0,205.98383477135098,10.0,0.00016787910014390978,9.605757685449134e-05,4.663154058572342e-06,0.00026859983105697455,0.0,Canada,CAN,quebec,,,Linux-5.15.0-152-generic-x86_64-with-glibc2.35,3.14.2,3.1.0,4,AMD EPYC 9554 64-Core Processor,1,1 x NVIDIA RTX A5000,,,4,machine,N
Step #179,2026-04-03T17:13:10,energy-efficiency,bda72d99-f3b9-4cad-865d-ffc709436360,1.67731499299407,1.0524122754444992e-06,6.275220149031047e-07,360.0,204.4443380473921,10.0,0.000167507622390985,9.512868722083567e-05,4.652839661058465e-06,0.0002672891492728792,0.0,Canada,CAN,quebec,,,Linux-5.15.0-152-generic-x86_64-with-glibc2.35,3.14.2,3.1.0,4,AMD EPYC 9554 64-Core Processor,1,1 x NVIDIA RTX A5000,,,4,machine,N
Step #181,2026-04-03T17:13:11,energy-efficiency,bda72d99-f3b9-4cad-865d-ffc709436360,1.679857574403286,1.0532352483144588e-06,6.270484841643088e-07,360.0,202.19825576100556,10.0,0.00016829666830599395,9.452674228782598e-05,4.674755357619799e-06,0.00026749816595143805,0.0,Canada,CAN,quebec,,,Linux-5.15.0-152-generic-x86_64-with-glibc2.35,3.14.2,3.1.0,4,AMD EPYC 9554 64-Core Processor,1,1 x NVIDIA RTX A5000,,,4,machine,N
Step #183,2026-04-03T17:13:13,energy-efficiency,bda72d99-f3b9-4cad-865d-ffc709436360,1.676762904971838,1.0498989129000718e-06,6.262178969461238e-07,360.0,203.09473208254792,10.0,0.00016750113293528476,9.449702002939375e-05,4.652658508469659e-06,0.0002666508114731493,0.0,Canada,CAN,quebec,,,Linux-5.15.0-152-generic-x86_64-with-glibc2.35,3.14.2,3.1.0,4,AMD EPYC 9554 64-Core Processor,1,1 x NVIDIA RTX A5000,,,4,machine,N
Step #185,2026-04-03T17:13:15,energy-efficiency,bda72d99-f3b9-4cad-865d-ffc709436360,1.6781958267092705,1.0424946360738886e-06,6.212762264708866e-07,360.0,198.1032983889824,10.0,0.00016778116561472385,9.232868497122126e-05,4.660440391550456e-06,0.00026477029097749655,0.0,Canada,CAN,quebec,,,Linux-5.15.0-152-generic-x86_64-with-glibc2.35,3.14.2,3.1.0,4,AMD EPYC 9554 64-Core Processor,1,1 x NVIDIA RTX A5000,,,4,machine,N
Step #187,2026-04-03T17:13:16,energy-efficiency,bda72d99-f3b9-4cad-865d-ffc709436360,1.680506955832243,1.0341260418480239e-06,6.154205879920722e-07,360.0,192.01160421395875,10.0,0.00016823831349611386,8.973340511886363e-05,4.673136843161437e-06,0.00026264485545813773,0.0,Canada,CAN,quebec,,,Linux-5.15.0-152-generic-x86_64-with-glibc2.35,3.14.2,3.1.0,4,AMD EPYC 9554 64-Core Processor,1,1 x NVIDIA RTX A5000,,,4,machine,N
Step #189,2026-04-03T17:13:18,energy-efficiency,bda72d99-f3b9-4cad-865d-ffc709436360,1.6788468807935715,1.0273717643842262e-06,6.12008784598129e-07,360.0,189.09204059097988,10.0,0.00016801194585859894,8.82506261632443e-05,4.666848222000734e-06,0.0002609294202438432,0.0,Canada,CAN,quebec,,,Linux-5.15.0-152-generic-x86_64-with-glibc2.35,3.14.2,3.1.0,4,AMD EPYC 9554 64-Core Processor,1,1 x NVIDIA RTX A5000,,,4,machine,N
Step #191,2026-04-03T17:13:20,energy-efficiency,bda72d99-f3b9-4cad-865d-ffc709436360,1.6801144368946552,1.0191952874856166e-06,6.066885209118504e-07,360.0,184.8621214169407,10.0,0.00016794576197862524,8.624201343820914e-05,4.665002806319139e-06,0.000258852778223153,0.0,Canada,CAN,quebec,,,Linux-5.15.0-152-generic-x86_64-with-glibc2.35,3.14.2,3.1.0,4,AMD EPYC 9554 64-Core Processor,1,1 x NVIDIA RTX A5000,,,4,machine,N
Step #193,2026-04-03T17:13:21,energy-efficiency,bda72d99-f3b9-4cad-865d-ffc709436360,1.693721178919077,1.034936292185822e-06,6.114371933297068e-07,360.0,189.31804979147228,10.0,0.00016918097436428164,8.897034894062017e-05,4.699317593541408e-06,0.0002628506408984439,0.0,Canada,CAN,quebec,,,Linux-5.15.0-152-generic-x86_64-with-glibc2.35,3.14.2,3.1.0,4,AMD EPYC 9554 64-Core Processor,1,1 x NVIDIA RTX A5000,,,4,machine,N
Step #195,2026-04-03T17:13:23,energy-efficiency,bda72d99-f3b9-4cad-865d-ffc709436360,1.679460171610117,1.0166345646206492e-06,6.055021364687227e-07,360.0,184.1684196519844,10.0,0.00016773350983858085,8.580979087469132e-05,4.659111249364061e-06,0.00025820241196263666,0.0,Canada,CAN,quebec,,,Linux-5.15.0-152-generic-x86_64-with-glibc2.35,3.14.2,3.1.0,4,AMD EPYC 9554 64-Core Processor,1,1 x NVIDIA RTX A5000,,,4,machine,N
Step #197,2026-04-03T17:13:25,energy-efficiency,bda72d99-f3b9-4cad-865d-ffc709436360,1.679384756833315,1.0145247021414776e-06,6.042557283997526e-07,360.0,183.21997311847048,10.0,0.00016767240613698928,8.533673494071081e-05,4.657413065433508e-06,0.0002576665541431343,0.0,Canada,CAN,quebec,,,Linux-5.15.0-152-generic-x86_64-with-glibc2.35,3.14.2,3.1.0,4,AMD EPYC 9554 64-Core Processor,1,1 x NVIDIA RTX A5000,,,4,machine,N
Step #199,2026-04-03T17:13:27,energy-efficiency,bda72d99-f3b9-4cad-865d-ffc709436360,1.6810497529804707,1.0559457097373371e-06,6.283145147630735e-07,360.0,204.77911928545555,10.0,0.00016797214038670114,9.554868753980372e-05,4.665734525769957e-06,0.00026818656245227585,0.0,Canada,CAN,quebec,,,Linux-5.15.0-152-generic-x86_64-with-glibc2.35,3.14.2,3.1.0,4,AMD EPYC 9554 64-Core Processor,1,1 x NVIDIA RTX A5000,,,4,machine,N
Step #201,2026-04-03T17:13:28,energy-efficiency,bda72d99-f3b9-4cad-865d-ffc709436360,1.6844203174114227,1.0736009827003266e-06,6.374469523034903e-07,360.0,212.306007749227,10.0,0.0001685730934143058,9.941507953215023e-05,4.682433449973661e-06,0.00027267060639642876,0.0,Canada,CAN,quebec,,,Linux-5.15.0-152-generic-x86_64-with-glibc2.35,3.14.2,3.1.0,4,AMD EPYC 9554 64-Core Processor,1,1 x NVIDIA RTX A5000,,,4,machine,N
Step #203,2026-04-03T17:13:30,energy-efficiency,bda72d99-f3b9-4cad-865d-ffc709436360,1.681465595960617,1.071838266059855e-06,6.375580483190789e-07,360.0,212.99955972660405,10.0,0.00016809595972299557,9.945785735965273e-05,4.669098763002285e-06,0.00027222291584565184,0.0,Canada,CAN,quebec,,,Linux-5.15.0-152-generic-x86_64-with-glibc2.35,3.14.2,3.1.0,4,AMD EPYC 9554 64-Core Processor,1,1 x NVIDIA RTX A5000,,,4,machine,N
Step #205,2026-04-03T17:13:32,energy-efficiency,bda72d99-f3b9-4cad-865d-ffc709436360,1.6803274527192116,1.0659113596284066e-06,6.344501993722745e-07,360.0,210.16472173924782,10.0,0.00016798342838883484,9.806813399393377e-05,4.6660519618955195e-06,0.0002707176143446656,0.0,Canada,CAN,quebec,,,Linux-5.15.0-152-generic-x86_64-with-glibc2.35,3.14.2,3.1.0,4,AMD EPYC 9554 64-Core Processor,1,1 x NVIDIA RTX A5000,,,4,machine,N
Step #207,2026-04-03T17:13:33,energy-efficiency,bda72d99-f3b9-4cad-865d-ffc709436360,1.6806172169744968,1.0590636389658058e-06,6.302313540617839e-07,360.0,206.2631433519703,10.0,0.0001680342379957421,9.627674369028227e-05,4.667464964505674e-06,0.00026897844665052864,0.0,Canada,CAN,quebec,,,Linux-5.15.0-152-generic-x86_64-with-glibc2.35,3.14.2,3.1.0,4,AMD EPYC 9554 64-Core Processor,1,1 x NVIDIA RTX A5000,,,4,machine,N
Step #209,2026-04-03T17:13:35,energy-efficiency,bda72d99-f3b9-4cad-865d-ffc709436360,1.686594195663929,1.049889922049324e-06,6.225672901697073e-07,360.0,200.55477627150404,10.0,0.00016824539713561695,9.372979720012609e-05,4.6733336626655995e-06,0.00026664852799841016,0.0,Canada,CAN,quebec,,,Linux-5.15.0-152-generic-x86_64-with-glibc2.35,3.14.2,3.1.0,4,AMD EPYC 9554 64-Core Processor,1,1 x NVIDIA RTX A5000,,,4,machine,N
Step #211,2026-04-03T17:13:37,energy-efficiency,bda72d99-f3b9-4cad-865d-ffc709436360,1.6802906095981598,1.045951121876219e-06,6.227190869016413e-07,360.0,199.9139810267629,10.0,0.00016780260875821212,9.318451901663138e-05,4.661033188717279e-06,0.0002656481609635622,0.0,Canada,CAN,quebec,,,Linux-5.15.0-152-generic-x86_64-with-glibc2.35,3.14.2,3.1.0,4,AMD EPYC 9554 64-Core Processor,1,1 x NVIDIA RTX A5000,,,4,machine,N
Step #213,2026-04-03T17:13:38,energy-efficiency,bda72d99-f3b9-4cad-865d-ffc709436360,1.6797487661242485,1.042515089515875e-06,6.207977416552717e-07,360.0,198.2536193796183,10.0,0.00016774003505706792,9.237618499469136e-05,4.659265641950884e-06,0.0002647754856937093,0.0,Canada,CAN,quebec,,,Linux-5.15.0-152-generic-x86_64-with-glibc2.35,3.14.2,3.1.0,4,AMD EPYC 9554 64-Core Processor,1,1 x NVIDIA RTX A5000,,,4,machine,N
Step #215,2026-04-03T17:13:40,energy-efficiency,bda72d99-f3b9-4cad-865d-ffc709436360,1.6800140887498856,1.0356575332901106e-06,6.166941922731117e-07,360.0,194.3867440800356,10.0,0.0001677783876657471,9.059507247854981e-05,4.660359842495834e-06,0.00026303381998679307,0.0,Canada,CAN,quebec,,,Linux-5.15.0-152-generic-x86_64-with-glibc2.35,3.14.2,3.1.0,4,AMD EPYC 9554 64-Core Processor,1,1 x NVIDIA RTX A5000,,,4,machine,N
Step #217,2026-04-03T17:13:42,energy-efficiency,bda72d99-f3b9-4cad-865d-ffc709436360,1.6794729009270668,1.0303214628177182e-06,6.1354682836728e-07,360.0,191.74576278282123,10.0,0.0001676986970007427,8.93217381303657e-05,4.658142456577833e-06,0.0002616785775876873,0.0,Canada,CAN,quebec,,,Linux-5.15.0-152-generic-x86_64-with-glibc2.35,3.14.2,3.1.0,4,AMD EPYC 9554 64-Core Processor,1,1 x NVIDIA RTX A5000,,,4,machine,N
Step #219,2026-04-03T17:13:44,energy-efficiency,bda72d99-f3b9-4cad-865d-ffc709436360,1.6788999512791634,1.0227245281211922e-06,6.092381093587695e-07,360.0,187.84034835129364,10.0,0.00016762761063873755,8.746534776093995e-05,4.6561679078472576e-06,0.00025974912630752356,0.0,Canada,CAN,quebec,,,Linux-5.15.0-152-generic-x86_64-with-glibc2.35,3.14.2,3.1.0,4,AMD EPYC 9554 64-Core Processor,1,1 x NVIDIA RTX A5000,,,4,machine,N
Step #221,2026-04-03T17:13:45,energy-efficiency,bda72d99-f3b9-4cad-865d-ffc709436360,1.6798644065856934,1.016747938406608e-06,6.053177199895223e-07,360.0,183.94587042073576,10.0,0.0001678196355700476,8.575006859246059e-05,4.661502202765798e-06,0.0002582312063652732,0.0,Canada,CAN,quebec,,,Linux-5.15.0-152-generic-x86_64-with-glibc2.35,3.14.2,3.1.0,4,AMD EPYC 9554 64-Core Processor,1,1 x NVIDIA RTX A5000,,,4,machine,N
Step #223,2026-04-03T17:13:47,energy-efficiency,bda72d99-f3b9-4cad-865d-ffc709436360,1.680825974792242,1.04694922777466e-06,6.2304836931072e-07,360.0,200.29634535489137,10.0,0.00016785009168088574,9.33892413712556e-05,4.662324457118945e-06,0.00026590165750926126,0.0,Canada,CAN,quebec,,,Linux-5.15.0-152-generic-x86_64-with-glibc2.35,3.14.2,3.1.0,4,AMD EPYC 9554 64-Core Processor,1,1 x NVIDIA RTX A5000,,,4,machine,N
Step #225,2026-04-03T17:13:49,energy-efficiency,bda72d99-f3b9-4cad-865d-ffc709436360,1.678919579833746,1.0743586578385055e-06,6.40072360405784e-07,360.0,215.86771567829825,10.0,0.00016766653656959465,0.00010053924708586237,4.6572552579972814e-06,0.000272863038913454,0.0,Canada,CAN,quebec,,,Linux-5.15.0-152-generic-x86_64-with-glibc2.35,3.14.2,3.1.0,4,AMD EPYC 9554 64-Core Processor,1,1 x NVIDIA RTX A5000,,,4,machine,N
Step #227,2026-04-03T17:13:50,energy-efficiency,bda72d99-f3b9-4cad-865d-ffc709436360,1.6792171485722065,1.060487570887615e-06,6.316047722761005e-07,360.0,207.66620985447162,10.0,0.00016785151697695094,9.68261885816446e-05,4.662387911230376e-06,0.0002693400934698255,0.0,Canada,CAN,quebec,,,Linux-5.15.0-152-generic-x86_64-with-glibc2.35,3.14.2,3.1.0,4,AMD EPYC 9554 64-Core Processor,1,1 x NVIDIA RTX A5000,,,4,machine,N
Step #229,2026-04-03T17:13:52,energy-efficiency,bda72d99-f3b9-4cad-865d-ffc709436360,1.681358925998211,1.0511991861215768e-06,6.25343524745967e-07,360.0,201.89171024510873,10.0,0.0001680613655596977,9.425146429009601e-05,4.66822190210226e-06,0.0002669810517518974,0.0,Canada,CAN,quebec,,,Linux-5.15.0-152-generic-x86_64-with-glibc2.35,3.14.2,3.1.0,4,AMD EPYC 9554 64-Core Processor,1,1 x NVIDIA RTX A5000,,,4,machine,N
Step #231,2026-04-03T17:13:54,energy-efficiency,bda72d99-f3b9-4cad-865d-ffc709436360,1.6825196780264378,1.04475936465518e-06,6.210123264368501e-07,360.0,197.88487576022914,10.0,0.00016821027956902962,9.246285173958313e-05,4.672350010110249e-06,0.0002653454813187246,0.0,Canada,CAN,quebec,,,Linux-5.15.0-152-generic-x86_64-with-glibc2.35,3.14.2,3.1.0,4,AMD EPYC 9554 64-Core Processor,1,1 x NVIDIA RTX A5000,,,4,machine,N
Step #233,2026-04-03T17:13:55,energy-efficiency,bda72d99-f3b9-4cad-865d-ffc709436360,1.6807198822498322,1.0337018216130338e-06,6.151180178486442e-07,360.0,192.4911351563093,10.0,0.0001680259145796295,8.984396077948986e-05,4.667237659709269e-06,0.0002625371130188271,0.0,Canada,CAN,quebec,,,Linux-5.15.0-152-generic-x86_64-with-glibc2.35,3.14.2,3.1.0,4,AMD EPYC 9554 64-Core Processor,1,1 x NVIDIA RTX A5000,,,4,machine,N
Step #235,2026-04-03T17:13:57,energy-efficiency,bda72d99-f3b9-4cad-865d-ffc709436360,1.6868086270987988,1.0263988742682096e-06,6.085520269043425e-07,360.0,187.52387556245125,10.0,0.0001683253161609173,8.768145903559343e-05,4.675552745660107e-06,0.0002606823279421716,0.0,Canada,CAN,quebec,,,Linux-5.15.0-152-generic-x86_64-with-glibc2.35,3.14.2,3.1.0,4,AMD EPYC 9554 64-Core Processor,1,1 x NVIDIA RTX A5000,,,4,machine,N
Step #237,2026-04-03T17:13:59,energy-efficiency,bda72d99-f3b9-4cad-865d-ffc709436360,1.6785331144928932,1.019833069313672e-06,6.076566498797684e-07,360.0,185.63315776579273,10.0,0.00016781768202781683,8.653562477434207e-05,4.661453722251815e-06,0.0002590147605244092,0.0,Canada,CAN,quebec,,,Linux-5.15.0-152-generic-x86_64-with-glibc2.35,3.14.2,3.1.0,4,AMD EPYC 9554 64-Core Processor,1,1 x NVIDIA RTX A5000,,,4,machine,N
Step #239,2026-04-03T17:14:01,energy-efficiency,bda72d99-f3b9-4cad-865d-ffc709436360,1.6784714236855507,1.0146955569680614e-06,6.046191757741988e-07,360.0,183.26739732803972,10.0,0.00016768624372780205,8.536590162577795e-05,4.657802089220921e-06,0.0002577099474427996,0.0,Canada,CAN,quebec,,,Linux-5.15.0-152-generic-x86_64-with-glibc2.35,3.14.2,3.1.0,4,AMD EPYC 9554 64-Core Processor,1,1 x NVIDIA RTX A5000,,,4,machine,N
Step #241,2026-04-03T17:14:02,energy-efficiency,bda72d99-f3b9-4cad-865d-ffc709436360,1.6822588555514812,1.039376001337936e-06,6.179916409503783e-07,360.0,194.9943924782811,10.0,0.0001681997064501041,9.110646178100978e-05,4.672059365030739e-06,0.0002639782275961483,0.0,Canada,CAN,quebec,,,Linux-5.15.0-152-generic-x86_64-with-glibc2.35,3.14.2,3.1.0,4,AMD EPYC 9554 64-Core Processor,1,1 x NVIDIA RTX A5000,,,4,machine,N
Step #243,2026-04-03T17:14:04,energy-efficiency,bda72d99-f3b9-4cad-865d-ffc709436360,1.6815086156129837,1.071314126812917e-06,6.372445634430987e-07,360.0,212.73872491554485,10.0,0.00016808908507227882,9.933174612797302e-05,4.6689650147325014e-06,0.00027208979621498597,0.0,Canada,CAN,quebec,,,Linux-5.15.0-152-generic-x86_64-with-glibc2.35,3.14.2,3.1.0,4,AMD EPYC 9554 64-Core Processor,1,1 x NVIDIA RTX A5000,,,4,machine,N
Step #245,2026-04-03T17:14:06,energy-efficiency,bda72d99-f3b9-4cad-865d-ffc709436360,1.68127953261137,1.0704709558167862e-06,6.36775020604073e-07,360.0,212.28579365017754,10.0,0.0001680874619632948,9.911924595940036e-05,4.6689417420161736e-06,0.00027187564966471567,0.0,Canada,CAN,quebec,,,Linux-5.15.0-152-generic-x86_64-with-glibc2.35,3.14.2,3.1.0,4,AMD EPYC 9554 64-Core Processor,1,1 x NVIDIA RTX A5000,,,4,machine,N
Step #247,2026-04-03T17:14:07,energy-efficiency,bda72d99-f3b9-4cad-865d-ffc709436360,1.6805186718702316,1.0648916068783367e-06,6.337387280630718e-07,360.0,209.49534537066154,10.0,0.00016801656596362666,9.777507821695508e-05,4.666975802845386e-06,0.0002704586199834269,0.0,Canada,CAN,quebec,,,Linux-5.15.0-152-generic-x86_64-with-glibc2.35,3.14.2,3.1.0,4,AMD EPYC 9554 64-Core Processor,1,1 x NVIDIA RTX A5000,,,4,machine,N
Step #249,2026-04-03T17:14:09,energy-efficiency,bda72d99-f3b9-4cad-865d-ffc709436360,1.6799279861152172,1.0595104072913335e-06,6.307752686305154e-07,360.0,206.80632123330776,10.0,0.00016794680505990978,9.648007718965346e-05,4.665033550312102e-06,0.0002690919157998725,0.0,Canada,CAN,quebec,,,Linux-5.15.0-152-generic-x86_64-with-glibc2.35,3.14.2,3.1.0,4,AMD EPYC 9554 64-Core Processor,1,1 x NVIDIA RTX A5000,,,4,machine,N
Step #251,2026-04-03T17:14:11,energy-efficiency,bda72d99-f3b9-4cad-865d-ffc709436360,1.680246226489544,1.0506775731810463e-06,6.254603544625801e-07,360.0,201.93694736613554,10.0,0.00016796463653445323,9.421840870516007e-05,4.66552850686842e-06,0.00026684857374648097,0.0,Canada,CAN,quebec,,,Linux-5.15.0-152-generic-x86_64-with-glibc2.35,3.14.2,3.1.0,4,AMD EPYC 9554 64-Core Processor,1,1 x NVIDIA RTX A5000,,,4,machine,N
Step #253,2026-04-03T17:14:12,energy-efficiency,bda72d99-f3b9-4cad-865d-ffc709436360,1.6813575848937035,1.0441265613627207e-06,6.212203716453781e-07,360.0,198.21086124144173,10.0,0.00016801162473857253,9.250646289160613e-05,4.666675823844111e-06,0.00026518476345402386,0.0,Canada,CAN,quebec,,,Linux-5.15.0-152-generic-x86_64-with-glibc2.35,3.14.2,3.1.0,4,AMD EPYC 9554 64-Core Processor,1,1 x NVIDIA RTX A5000,,,4,machine,N
Step #255,2026-04-03T17:14:14,energy-efficiency,bda72d99-f3b9-4cad-865d-ffc709436360,1.6799767576158047,1.0392054024184233e-06,6.18738910050479e-07,360.0,195.7161267199204,10.0,0.00016795755103230642,9.131201750278706e-05,4.665330756041747e-06,0.000263934899291135,0.0,Canada,CAN,quebec,,,Linux-5.15.0-152-generic-x86_64-with-glibc2.35,3.14.2,3.1.0,4,AMD EPYC 9554 64-Core Processor,1,1 x NVIDIA RTX A5000,,,4,machine,N
Step #257,2026-04-03T17:14:16,energy-efficiency,bda72d99-f3b9-4cad-865d-ffc709436360,1.679943073540926,1.0287577250427625e-06,6.125234162220175e-07,360.0,190.1129866475938,10.0,0.00016793227680027625,8.868451539001398e-05,4.664631022347366e-06,0.0002612814232126337,0.0,Canada,CAN,quebec,,,Linux-5.15.0-152-generic-x86_64-with-glibc2.35,3.14.2,3.1.0,4,AMD EPYC 9554 64-Core Processor,1,1 x NVIDIA RTX A5000,,,4,machine,N
Step #259,2026-04-03T17:14:18,energy-efficiency,bda72d99-f3b9-4cad-865d-ffc709436360,1.6797798164188862,1.0216638044883216e-06,6.082804666376235e-07,360.0,186.22487393962095,10.0,0.0001679400835186244,8.687479171953782e-05,4.66485102143554e-06,0.0002594797262595941,0.0,Canada,CAN,quebec,,,Linux-5.15.0-152-generic-x86_64-with-glibc2.35,3.14.2,3.1.0,4,AMD EPYC 9554 64-Core Processor,1,1 x NVIDIA RTX A5000,,,4,machine,N
Step #261,2026-04-03T17:14:19,energy-efficiency,bda72d99-f3b9-4cad-865d-ffc709436360,1.6806011088192463,1.01465358365283e-06,6.0382142892144e-07,360.0,182.1537481437873,10.0,0.00016801750212907737,8.501479022982039e-05,4.666994801825943e-06,0.0002576992871607259,0.0,Canada,CAN,quebec,,,Linux-5.15.0-152-generic-x86_64-with-glibc2.35,3.14.2,3.1.0,4,AMD EPYC 9554 64-Core Processor,1,1 x NVIDIA RTX A5000,,,4,machine,N
Step #263,2026-04-03T17:14:21,energy-efficiency,bda72d99-f3b9-4cad-865d-ffc709436360,1.6823093332350254,1.0126351185500335e-06,6.020655402210011e-07,360.0,180.5640155949497,10.0,0.0001681673910468827,8.434812302482442e-05,4.67112815628445e-06,0.0002571866422279856,0.0,Canada,CAN,quebec,,,Linux-5.15.0-152-generic-x86_64-with-glibc2.35,3.14.2,3.1.0,4,AMD EPYC 9554 64-Core Processor,1,1 x NVIDIA RTX A5000,,,4,machine,N
Step #265,2026-04-03T17:14:23,energy-efficiency,bda72d99-f3b9-4cad-865d-ffc709436360,1.6893142126500607,1.0653053504346794e-06,6.308849510068015e-07,360.0,207.7009054071931,10.0,0.00016860394738614504,9.727646673240997e-05,4.683287462426593e-06,0.00027056370158098225,0.0,Canada,CAN,quebec,,,Linux-5.15.0-152-generic-x86_64-with-glibc2.35,3.14.2,3.1.0,4,AMD EPYC 9554 64-Core Processor,1,1 x NVIDIA RTX A5000,,,4,machine,N
Step #267,2026-04-03T17:14:24,energy-efficiency,bda72d99-f3b9-4cad-865d-ffc709436360,1.6820010095834732,1.0732786501234913e-06,6.383493222657445e-07,360.0,213.74715630713905,10.0,0.00016810641996562597,9.981285761284653e-05,4.669463562054742e-06,0.0002725887411405281,0.0,Canada,CAN,quebec,,,Linux-5.15.0-152-generic-x86_64-with-glibc2.35,3.14.2,3.1.0,4,AMD EPYC 9554 64-Core Processor,1,1 x NVIDIA RTX A5000,,,4,machine,N
Step #269,2026-04-03T17:14:26,energy-efficiency,bda72d99-f3b9-4cad-865d-ffc709436360,1.6807584539055824,1.072070515207679e-06,6.380236248623767e-07,360.0,213.37584468787358,10.0,0.00016802409142255628,9.959063524433986e-05,4.667175261096842e-06,0.0002722819019279968,0.0,Canada,CAN,quebec,,,Linux-5.15.0-152-generic-x86_64-with-glibc2.35,3.14.2,3.1.0,4,AMD EPYC 9554 64-Core Processor,1,1 x NVIDIA RTX A5000,,,4,machine,N
Step #271,2026-04-03T17:14:28,energy-efficiency,bda72d99-f3b9-4cad-865d-ffc709436360,1.6801269799470901,1.0651339982850334e-06,6.342201640650192e-07,360.0,209.86538020416182,10.0,0.00016794755123555535,9.790757832206509e-05,4.665052414768323e-06,0.0002705201819723918,0.0,Canada,CAN,quebec,,,Linux-5.15.0-152-generic-x86_64-with-glibc2.35,3.14.2,3.1.0,4,AMD EPYC 9554 64-Core Processor,1,1 x NVIDIA RTX A5000,,,4,machine,N
Step #273,2026-04-03T17:14:30,energy-efficiency,bda72d99-f3b9-4cad-865d-ffc709436360,1.6802919916808605,1.056211838364841e-06,6.287831892532117e-07,360.0,205.02958193444516,10.0,0.00016794123873114727,9.56481320599778e-05,4.6647823726137785e-06,0.0002682541531637342,0.0,Canada,CAN,quebec,,,Linux-5.15.0-152-generic-x86_64-with-glibc2.35,3.14.2,3.1.0,4,AMD EPYC 9554 64-Core Processor,1,1 x NVIDIA RTX A5000,,,4,machine,N
Step #275,2026-04-03T17:14:31,energy-efficiency,bda72d99-f3b9-4cad-865d-ffc709436360,1.6813192665576935,1.0490000232045384e-06,6.240399841621412e-07,360.0,200.6756921782261,10.0,0.00016806711778044603,9.368701940104529e-05,4.6683764395614785e-06,0.00026642251362105074,0.0,Canada,CAN,quebec,,,Linux-5.15.0-152-generic-x86_64-with-glibc2.35,3.14.2,3.1.0,4,AMD EPYC 9554 64-Core Processor,1,1 x NVIDIA RTX A5000,,,4,machine,N
Step #277,2026-04-03T17:14:33,energy-efficiency,bda72d99-f3b9-4cad-865d-ffc709436360,1.6799074858427048,1.0406374821693236e-06,6.196244748263387e-07,360.0,196.64407548518705,10.0,0.00016791359484195564,9.172090672393551e-05,4.6641139106617545e-06,0.00026429861547655475,0.0,Canada,CAN,quebec,,,Linux-5.15.0-152-generic-x86_64-with-glibc2.35,3.14.2,3.1.0,4,AMD EPYC 9554 64-Core Processor,1,1 x NVIDIA RTX A5000,,,4,machine,N
Step #279,2026-04-03T17:14:35,energy-efficiency,bda72d99-f3b9-4cad-865d-ffc709436360,1.6818271577358246,1.0346373573171962e-06,6.153185226397496e-07,360.0,192.70838531631617,10.0,0.00016811308823526036,8.999201642723165e-05,4.669613473945152e-06,0.0002627747181364326,0.0,Canada,CAN,quebec,,,Linux-5.15.0-152-generic-x86_64-with-glibc2.35,3.14.2,3.1.0,4,AMD EPYC 9554 64-Core Processor,1,1 x NVIDIA RTX A5000,,,4,machine,N
Step #281,2026-04-03T17:14:36,energy-efficiency,bda72d99-f3b9-4cad-865d-ffc709436360,1.680870559066534,1.011908491510544e-06,6.021739779809795e-07,360.0,180.6757458031025,10.0,0.00016801266707480028,8.43225674458381e-05,4.666860712071235e-06,0.00025700209523270984,0.0,Canada,CAN,quebec,,,Linux-5.15.0-152-generic-x86_64-with-glibc2.35,3.14.2,3.1.0,4,AMD EPYC 9554 64-Core Processor,1,1 x NVIDIA RTX A5000,,,4,machine,N
Step #283,2026-04-03T17:14:38,energy-efficiency,bda72d99-f3b9-4cad-865d-ffc709436360,1.6806676536798477,1.0037262976144887e-06,5.975240476292434e-07,360.0,176.42639700595953,10.0,0.00016795019172131942,8.230867695147026e-05,4.66513254990177e-06,0.0002549240012226922,0.0,Canada,CAN,quebec,,,Linux-5.15.0-152-generic-x86_64-with-glibc2.35,3.14.2,3.1.0,4,AMD EPYC 9554 64-Core Processor,1,1 x NVIDIA RTX A5000,,,4,machine,N
Step #285,2026-04-03T17:14:40,energy-efficiency,bda72d99-f3b9-4cad-865d-ffc709436360,1.679138544946909,1.0412980139223155e-06,6.202583470426928e-07,360.0,197.96905032612815,10.0,0.000167628173530103,9.21820181787325e-05,4.656184040423869e-06,0.000264466375749256,0.0,Canada,CAN,quebec,,,Linux-5.15.0-152-generic-x86_64-with-glibc2.35,3.14.2,3.1.0,4,AMD EPYC 9554 64-Core Processor,1,1 x NVIDIA RTX A5000,,,4,machine,N
Step #287,2026-04-03T17:14:41,energy-efficiency,bda72d99-f3b9-4cad-865d-ffc709436360,1.679896842688322,1.0604423212350251e-06,6.316104839697443e-07,360.0,207.54798628619858,10.0,0.0001678787119686609,9.678674410906751e-05,4.66314499369925e-06,0.000269328601071428,0.0,Canada,CAN,quebec,,,Linux-5.15.0-152-generic-x86_64-with-glibc2.35,3.14.2,3.1.0,4,AMD EPYC 9554 64-Core Processor,1,1 x NVIDIA RTX A5000,,,4,machine,N
Step #289,2026-04-03T17:14:43,energy-efficiency,bda72d99-f3b9-4cad-865d-ffc709436360,1.6816899180412292,1.0509243851000933e-06,6.25000140485801e-07,360.0,201.63405170781272,10.0,0.00016809319183230462,9.414896420878449e-05,4.669102405508341e-06,0.00026691125844659214,0.0,Canada,CAN,quebec,,,Linux-5.15.0-152-generic-x86_64-with-glibc2.35,3.14.2,3.1.0,4,AMD EPYC 9554 64-Core Processor,1,1 x NVIDIA RTX A5000,,,4,machine,N
Step #291,2026-04-03T17:14:45,energy-efficiency,bda72d99-f3b9-4cad-865d-ffc709436360,1.6802046298980713,1.0508353026920578e-06,6.25499684058741e-07,360.0,202.02186080669185,10.0,0.00016796496510505798,9.425813095731428e-05,4.665537447565127e-06,0.0002668886335099388,0.0,Canada,CAN,quebec,,,Linux-5.15.0-152-generic-x86_64-with-glibc2.35,3.14.2,3.1.0,4,AMD EPYC 9554 64-Core Processor,1,1 x NVIDIA RTX A5000,,,4,machine,N
Step #293,2026-04-03T17:14:47,energy-efficiency,bda72d99-f3b9-4cad-865d-ffc709436360,1.678220260888338,1.0501737683530038e-06,6.25835201867323e-07,360.0,202.32755552771658,10.0,0.000167769597470762,9.42909087626731e-05,4.66011236939165e-06,0.00026672061860282675,0.0,Canada,CAN,quebec,,,Linux-5.15.0-152-generic-x86_64-with-glibc2.35,3.14.2,3.1.0,4,AMD EPYC 9554 64-Core Processor,1,1 x NVIDIA RTX A5000,,,4,machine,N
Step #295,2026-04-03T17:14:48,energy-efficiency,bda72d99-f3b9-4cad-865d-ffc709436360,1.693238504230976,1.0687680641363096e-06,6.312530294259696e-07,360.0,207.64422419340252,10.0,0.0001691685460507887,9.75756336174527e-05,4.698973645766579e-06,0.00027144315331400354,0.0,Canada,CAN,quebec,,,Linux-5.15.0-152-generic-x86_64-with-glibc2.35,3.14.2,3.1.0,4,AMD EPYC 9554 64-Core Processor,1,1 x NVIDIA RTX A5000,,,4,machine,N
Step #297,2026-04-03T17:14:50,energy-efficiency,bda72d99-f3b9-4cad-865d-ffc709436360,1.6799260973930359,1.0568927679705648e-06,6.29198048413772e-07,360.0,205.72546738234425,10.0,0.00016784647442400283,9.591841006795221e-05,4.662209542261259e-06,0.00026842709403421955,0.0,Canada,CAN,quebec,,,Linux-5.15.0-152-generic-x86_64-with-glibc2.35,3.14.2,3.1.0,4,AMD EPYC 9554 64-Core Processor,1,1 x NVIDIA RTX A5000,,,4,machine,N
Step #299,2026-04-03T17:14:52,energy-efficiency,bda72d99-f3b9-4cad-865d-ffc709436360,1.6790984645485878,1.050861634302859e-06,6.259236288248712e-07,360.0,202.4746844416537,10.0,0.000167836327850817,9.439701995006544e-05,4.6619733485082264e-06,0.0002668953211493949,0.0,Canada,CAN,quebec,,,Linux-5.15.0-152-generic-x86_64-with-glibc2.35,3.14.2,3.1.0,4,AMD EPYC 9554 64-Core Processor,1,1 x NVIDIA RTX A5000,,,4,machine,N
Step #301,2026-04-03T17:14:53,energy-efficiency,bda72d99-f3b9-4cad-865d-ffc709436360,1.6820629350841045,1.042036733820014e-06,6.19563178840876e-07,360.0,196.56009479719827,10.0,0.0001681642379611735,9.181868456664688e-05,4.671071531871934e-06,0.0002646539940596923,0.0,Canada,CAN,quebec,,,Linux-5.15.0-152-generic-x86_64-with-glibc2.35,3.14.2,3.1.0,4,AMD EPYC 9554 64-Core Processor,1,1 x NVIDIA RTX A5000,,,4,machine,N
Step #303,2026-04-03T17:14:55,energy-efficiency,bda72d99-f3b9-4cad-865d-ffc709436360,1.6806638091802597,1.0364771273336495e-06,6.167813751779492e-07,360.0,193.99546610542177,10.0,0.0001680276833474631,9.054701689592548e-05,4.667278275721559e-06,0.00026324197851911035,0.0,Canada,CAN,quebec,,,Linux-5.15.0-152-generic-x86_64-with-glibc2.35,3.14.2,3.1.0,4,AMD EPYC 9554 64-Core Processor,1,1 x NVIDIA RTX A5000,,,4,machine,N
Step #305,2026-04-03T17:14:57,energy-efficiency,bda72d99-f3b9-4cad-865d-ffc709436360,1.688206035643816,1.0282115856050523e-06,6.091570148519241e-07,360.0,187.45757420729726,10.0,0.00016864253170788268,8.781590356932156e-05,4.68428074899645e-06,0.00026114271602620254,0.0,Canada,CAN,quebec,,,Linux-5.15.0-152-generic-x86_64-with-glibc2.35,3.14.2,3.1.0,4,AMD EPYC 9554 64-Core Processor,1,1 x NVIDIA RTX A5000,,,4,machine,N
Step #307,2026-04-03T17:14:58,energy-efficiency,bda72d99-f3b9-4cad-865d-ffc709436360,1.684621900320053,1.0196479958708812e-06,6.054215597867399e-07,360.0,184.74008445780234,10.0,0.00016805735304951594,8.624229121778626e-05,4.668111747337719e-06,0.00025896775601464556,0.0,Canada,CAN,quebec,,,Linux-5.15.0-152-generic-x86_64-with-glibc2.35,3.14.2,3.1.0,4,AMD EPYC 9554 64-Core Processor,1,1 x NVIDIA RTX A5000,,,4,machine,N
Step #309,2026-04-03T17:15:00,energy-efficiency,bda72d99-f3b9-4cad-865d-ffc709436360,1.6793380193412304,1.012998521961292e-06,6.032895735826777e-07,360.0,182.23048748942477,10.0,0.00016772013045847356,8.490006791816995e-05,4.658740179406314e-06,0.000257278938556052,0.0,Canada,CAN,quebec,,,Linux-5.15.0-152-generic-x86_64-with-glibc2.35,3.14.2,3.1.0,4,AMD EPYC 9554 64-Core Processor,1,1 x NVIDIA RTX A5000,,,4,machine,N
Step #311,2026-04-03T17:15:02,energy-efficiency,bda72d99-f3b9-4cad-865d-ffc709436360,1.6829054467380047,1.0186422577922606e-06,6.054500925711162e-07,360.0,185.03949484038594,10.0,0.00016780099384486671,8.625034679710097e-05,4.660980424119358e-06,0.0002587123210660916,0.0,Canada,CAN,quebec,,,Linux-5.15.0-152-generic-x86_64-with-glibc2.35,3.14.2,3.1.0,4,AMD EPYC 9554 64-Core Processor,1,1 x NVIDIA RTX A5000,,,4,machine,N
Step #313,2026-04-03T17:15:04,energy-efficiency,bda72d99-f3b9-4cad-865d-ffc709436360,1.6807463243603706,1.0715258903243742e-06,6.376895240196428e-07,360.0,213.13940181853567,10.0,0.00016800679676234886,9.947007956156995e-05,4.666703080551528e-06,0.0002721435794044713,0.0,Canada,CAN,quebec,,,Linux-5.15.0-152-generic-x86_64-with-glibc2.35,3.14.2,3.1.0,4,AMD EPYC 9554 64-Core Processor,1,1 x NVIDIA RTX A5000,,,4,machine,N
Step #315,2026-04-03T17:15:05,energy-efficiency,bda72d99-f3b9-4cad-865d-ffc709436360,1.6802662573754787,1.0721370341087706e-06,6.381595124737276e-07,360.0,213.61151893590014,10.0,0.00016796647831797754,9.966674640793372e-05,4.665571513275341e-06,0.0002722987962391829,0.0,Canada,CAN,quebec,,,Linux-5.15.0-152-generic-x86_64-with-glibc2.35,3.14.2,3.1.0,4,AMD EPYC 9554 64-Core Processor,1,1 x NVIDIA RTX A5000,,,4,machine,N
Step #317,2026-04-03T17:15:07,energy-efficiency,bda72d99-f3b9-4cad-865d-ffc709436360,1.6796809434890747,1.0666700273942507e-06,6.352033468471893e-07,360.0,210.83778871408694,10.0,0.00016790819056331993,9.833813422233106e-05,4.663974181231471e-06,0.0002709102989668852,0.0,Canada,CAN,quebec,,,Linux-5.15.0-152-generic-x86_64-with-glibc2.35,3.14.2,3.1.0,4,AMD EPYC 9554 64-Core Processor,1,1 x NVIDIA RTX A5000,,,4,machine,N
Step #319,2026-04-03T17:15:09,energy-efficiency,bda72d99-f3b9-4cad-865d-ffc709436360,1.6798392161726952,1.0629751661348516e-06,6.329458772651707e-07,360.0,208.8577763606981,10.0,0.00016789893507957593,9.740924458867539e-05,4.663707284877712e-06,0.0002699718869531298,0.0,Canada,CAN,quebec,,,Linux-5.15.0-152-generic-x86_64-with-glibc2.35,3.14.2,3.1.0,4,AMD EPYC 9554 64-Core Processor,1,1 x NVIDIA RTX A5000,,,4,machine,N
Step #321,2026-04-03T17:15:10,energy-efficiency,bda72d99-f3b9-4cad-865d-ffc709436360,1.681582823395729,1.053935959547433e-06,6.268946739192183e-07,360.0,203.30743902195476,10.0,0.00016808279976248883,9.492452038273314e-05,4.668810767018182e-06,0.00026767613091223386,0.0,Canada,CAN,quebec,,,Linux-5.15.0-152-generic-x86_64-with-glibc2.35,3.14.2,3.1.0,4,AMD EPYC 9554 64-Core Processor,1,1 x NVIDIA RTX A5000,,,4,machine,N
Step #323,2026-04-03T17:15:12,energy-efficiency,bda72d99-f3b9-4cad-865d-ffc709436360,1.6813362687826157,1.0469597326013234e-06,6.227735103868507e-07,360.0,200.19157054621502,10.0,0.00016788266897201434,9.33584080229366e-05,4.663248505029399e-06,0.00026590432549998544,0.0,Canada,CAN,quebec,,,Linux-5.15.0-152-generic-x86_64-with-glibc2.35,3.14.2,3.1.0,4,AMD EPYC 9554 64-Core Processor,1,1 x NVIDIA RTX A5000,,,4,machine,N
Step #325,2026-04-03T17:15:14,energy-efficiency,bda72d99-f3b9-4cad-865d-ffc709436360,1.6821503341197968,1.0395255535838486e-06,6.180895453968446e-07,360.0,195.20661906297283,10.0,0.00016816073581576302,9.118451740164346e-05,4.670957299984205e-06,0.00026401621051739405,0.0,Canada,CAN,quebec,,,Linux-5.15.0-152-generic-x86_64-with-glibc2.35,3.14.2,3.1.0,4,AMD EPYC 9554 64-Core Processor,1,1 x NVIDIA RTX A5000,,,4,machine,N
Step #327,2026-04-03T17:15:15,energy-efficiency,bda72d99-f3b9-4cad-865d-ffc709436360,1.6816073432564735,1.0321754603715057e-06,6.139554921231717e-07,360.0,192.06441451797292,10.0,0.00016790522038936592,8.958034943873372e-05,4.663881618115662e-06,0.00026214945144621693,0.0,Canada,CAN,quebec,,,Linux-5.15.0-152-generic-x86_64-with-glibc2.35,3.14.2,3.1.0,4,AMD EPYC 9554 64-Core Processor,1,1 x NVIDIA RTX A5000,,,4,machine,N
Step #329,2026-04-03T17:15:17,energy-efficiency,bda72d99-f3b9-4cad-865d-ffc709436360,1.6850310042500496,1.023955133351188e-06,6.078241511987155e-07,360.0,187.76851441697758,10.0,0.0001678508996963493,8.754840337132919e-05,4.662369408955144e-06,0.0002600616724766358,0.0,Canada,CAN,quebec,,,Linux-5.15.0-152-generic-x86_64-with-glibc2.35,3.14.2,3.1.0,4,AMD EPYC 9554 64-Core Processor,1,1 x NVIDIA RTX A5000,,,4,machine,N
Step #331,2026-04-03T17:15:19,energy-efficiency,bda72d99-f3b9-4cad-865d-ffc709436360,1.679558701813221,1.0171594211995968e-06,6.057789252447593e-07,360.0,184.20284360490407,10.0,0.00016780969388783054,8.586479091832189e-05,4.661228973418447e-06,0.0002583357137795686,0.0,Canada,CAN,quebec,,,Linux-5.15.0-152-generic-x86_64-with-glibc2.35,3.14.2,3.1.0,4,AMD EPYC 9554 64-Core Processor,1,1 x NVIDIA RTX A5000,,,4,machine,N
Step #333,2026-04-03T17:15:21,energy-efficiency,bda72d99-f3b9-4cad-865d-ffc709436360,1.6795296408236027,1.0102043042361998e-06,6.01553841817034e-07,360.0,180.16363653693617,10.0,0.00016788586527109045,8.402006720586996e-05,4.663337353203009e-06,0.0002565692698301633,0.0,Canada,CAN,quebec,,,Linux-5.15.0-152-generic-x86_64-with-glibc2.35,3.14.2,3.1.0,4,AMD EPYC 9554 64-Core Processor,1,1 x NVIDIA RTX A5000,,,4,machine,N
Step #335,2026-04-03T17:15:22,energy-efficiency,bda72d99-f3b9-4cad-865d-ffc709436360,1.6808930113911629,1.032932144211441e-06,6.14694303377922e-07,360.0,192.90606879455734,10.0,0.00016777707450091675,8.990423859245311e-05,4.660319102307159e-06,0.00026234163219568396,0.0,Canada,CAN,quebec,,,Linux-5.15.0-152-generic-x86_64-with-glibc2.35,3.14.2,3.1.0,4,AMD EPYC 9554 64-Core Processor,1,1 x NVIDIA RTX A5000,,,4,machine,N
Step #337,2026-04-03T17:15:24,energy-efficiency,bda72d99-f3b9-4cad-865d-ffc709436360,1.6797036156058311,1.0716407210513055e-06,6.384088454024015e-07,360.0,214.0889560597732,10.0,0.00016775166019797338,9.976146868950764e-05,4.659614950004503e-06,0.00027217274383748574,0.0,Canada,CAN,quebec,,,Linux-5.15.0-152-generic-x86_64-with-glibc2.35,3.14.2,3.1.0,4,AMD EPYC 9554 64-Core Processor,1,1 x NVIDIA RTX A5000,,,4,machine,N
Step #339,2026-04-03T17:15:26,energy-efficiency,bda72d99-f3b9-4cad-865d-ffc709436360,1.6791988238692284,1.0689099520686484e-06,6.367021264039488e-07,360.0,212.2523772029859,10.0,0.00016785198561847237,9.896480139559571e-05,4.6624026571710645e-06,0.00027147918967124207,0.0,Canada,CAN,quebec,,,Linux-5.15.0-152-generic-x86_64-with-glibc2.35,3.14.2,3.1.0,4,AMD EPYC 9554 64-Core Processor,1,1 x NVIDIA RTX A5000,,,4,machine,N
Step #341,2026-04-03T17:15:27,energy-efficiency,bda72d99-f3b9-4cad-865d-ffc709436360,1.6760153323411942,1.0657888279936114e-06,6.359754941440323e-07,360.0,211.67948582517226,10.0,0.00016752666123211538,9.850646770814819e-05,4.65336511325503e-06,0.00027068649405351253,0.0,Canada,CAN,quebec,,,Linux-5.15.0-152-generic-x86_64-with-glibc2.35,3.14.2,3.1.0,4,AMD EPYC 9554 64-Core Processor,1,1 x NVIDIA RTX A5000,,,4,machine,N
Step #343,2026-04-03T17:15:29,energy-efficiency,bda72d99-f3b9-4cad-865d-ffc709436360,1.6802329011261463,1.0563679408023493e-06,6.289533474638551e-07,360.0,205.13648673507967,10.0,0.0001679348528385166,9.569424321398401e-05,4.664703634464098e-06,0.00026829379968696526,0.0,Canada,CAN,quebec,,,Linux-5.15.0-152-generic-x86_64-with-glibc2.35,3.14.2,3.1.0,4,AMD EPYC 9554 64-Core Processor,1,1 x NVIDIA RTX A5000,,,4,machine,N
Step #345,2026-04-03T17:15:31,energy-efficiency,bda72d99-f3b9-4cad-865d-ffc709436360,1.6800916269421577,1.0448014418730565e-06,6.220291360137599e-07,360.0,198.79763607944625,10.0,0.00016794718429446326,9.274396308001087e-05,4.665020615276356e-06,0.0002653561679897484,0.0,Canada,CAN,quebec,,,Linux-5.15.0-152-generic-x86_64-with-glibc2.35,3.14.2,3.1.0,4,AMD EPYC 9554 64-Core Processor,1,1 x NVIDIA RTX A5000,,,4,machine,N
Step #347,2026-04-03T17:15:32,energy-efficiency,bda72d99-f3b9-4cad-865d-ffc709436360,1.6814386434853077,1.0322911484822895e-06,6.140888411229135e-07,360.0,191.6457277385508,10.0,0.00016804922036826528,8.946173824142534e-05,4.667875025835292e-06,0.00026217883363553046,0.0,Canada,CAN,quebec,,,Linux-5.15.0-152-generic-x86_64-with-glibc2.35,3.14.2,3.1.0,4,AMD EPYC 9554 64-Core Processor,1,1 x NVIDIA RTX A5000,,,4,machine,N
Step #349,2026-04-03T17:15:34,energy-efficiency,bda72d99-f3b9-4cad-865d-ffc709436360,1.679408848285675,1.0261486217127286e-06,6.110776070462861e-07,360.0,188.80892107523593,10.0,0.00016789725981652612,8.805784823096019e-05,4.663661349978707e-06,0.00026061876939746653,0.0,Canada,CAN,quebec,,,Linux-5.15.0-152-generic-x86_64-with-glibc2.35,3.14.2,3.1.0,4,AMD EPYC 9554 64-Core Processor,1,1 x NVIDIA RTX A5000,,,4,machine,N
Step #351,2026-04-03T17:15:36,energy-efficiency,bda72d99-f3b9-4cad-865d-ffc709436360,1.3229949586093426,8.108128936384028e-07,6.130266276830455e-07,360.0,190.52570935811437,10.0,0.00013225789107382258,6.999672265806112e-05,3.6737031613786686e-06,0.00020592831689326269,0.0,Canada,CAN,quebec,,,Linux-5.15.0-152-generic-x86_64-with-glibc2.35,3.14.2,3.1.0,4,AMD EPYC 9554 64-Core Processor,1,1 x NVIDIA RTX A5000,,,4,machine,N
